vendor_id,amt_deviation,duplicate_entry,new_vendor,missing_po,entered_after_hrs,manual_entry,unusual_accts,desc_quality,anomalous,true_anomalous_binary,predicted_anomalous_binary,anomaly_probability
V12,low,no,no,no,no,no,no,normal,no,0,0,0.0011657784957327944
V01,low,no,no,no,no,no,no,normal,no,0,0,0.0011657784957327944
V12,low,no,no,no,yes,yes,no,normal,no,0,0,0.03035244608101
V09,low,no,no,no,yes,yes,yes,normal,no,0,0,0.2060324589159947
V12,low,no,no,no,no,no,no,normal,no,0,0,0.0011657784957327944
V11,high,no,no,no,no,no,no,high,no,0,0,3.741338800676435e-05
V16,low,no,no,no,no,no,no,normal,no,0,0,0.0011657784957327944
V03,high,no,no,no,yes,yes,no,normal,no,0,0,0.20034682080924854
V01,low,no,no,no,no,no,no,normal,no,0,0,0.0011657784957327944
V15,low,no,no,no,yes,no,no,normal,no,0,0,0.016753953322825036
V01,low,no,yes,no,no,no,no,normal,no,0,0,0.020373043188631066
V13,low,no,no,no,no,no,no,high,no,0,0,0.0011504356143843227
V15,low,no,no,no,yes,no,no,normal,no,0,0,0.016753953322825036
V07,low,no,no,no,no,no,no,low,no,0,0,0.011570496738585049
V07,low,no,no,no,no,no,no,normal,no,0,0,0.0011657784957327944
V01,low,no,no,no,no,no,no,normal,no,0,0,0.0011657784957327944
V04,low,no,no,no,no,no,no,high,no,0,0,0.0011504356143843227
V02,low,no,no,no,no,no,no,normal,no,0,0,0.0011657784957327944
V03,low,no,no,no,no,no,no,high,no,0,0,0.0011504356143843227
V15,low,no,no,no,no,no,no,normal,no,0,0,0.0011657784957327944
V01,low,no,yes,yes,yes,no,no,normal,no,0,0,0.33365421640354254
V11,low,no,no,no,yes,no,no,normal,no,0,0,0.016753953322825036
V07,low,no,no,no,no,no,no,high,no,0,0,0.0011504356143843227
V05,low,no,no,no,no,no,no,normal,no,0,0,0.0011657784957327944
V01,low,no,no,no,no,yes,yes,normal,no,0,0,0.09219841958616909
V09,outlier,no,no,no,yes,no,no,normal,no,0,0,0.21065850762626723
V09,high,no,no,no,no,no,no,normal,no,0,0,0.012847827346594936
V09,low,no,no,no,no,no,no,normal,no,0,0,0.0011657784957327944
V20,low,no,no,no,no,no,no,normal,no,0,0,0.0011657784957327944
V03,low,no,no,no,no,no,no,normal,no,0,0,0.0011657784957327944
V11,high,no,no,no,no,no,no,normal,no,0,0,0.012847827346594936
V14,low,no,no,no,no,no,no,normal,no,0,0,0.0011657784957327944
V09,low,no,no,no,no,no,no,high,no,0,0,0.0011504356143843227
V01,outlier,no,no,no,no,no,no,normal,no,0,0,0.0364371091508544
V02,low,no,no,no,no,no,no,normal,no,0,0,0.0011657784957327944
V08,high,no,no,no,no,no,no,normal,no,0,0,0.012847827346594936
V06,high,yes,no,no,no,no,no,high,yes,1,1,0.9914675767918089
V01,low,no,no,no,no,no,no,normal,no,0,0,0.0011657784957327944
V08,low,no,no,no,no,no,no,normal,no,0,0,0.0011657784957327944
V03,low,no,no,no,no,no,no,normal,no,0,0,0.0011657784957327944
V14,high,no,no,no,no,no,no,high,no,0,0,3.741338800676435e-05
V19,low,no,yes,no,no,no,no,normal,no,0,0,0.020373043188631066
V01,low,no,no,no,no,no,no,normal,no,0,0,0.0011657784957327944
V05,low,no,no,no,no,no,no,high,no,0,0,0.0011504356143843227
V06,low,no,no,no,no,no,no,normal,no,0,0,0.0011657784957327944
V06,low,no,no,no,no,no,no,high,no,0,0,0.0011504356143843227
V16,low,no,no,no,no,no,no,normal,no,0,0,0.0011657784957327944
V01,outlier,no,no,no,no,no,no,normal,no,0,0,0.0364371091508544
V17,low,no,no,no,no,no,no,high,no,0,0,0.0011504356143843227
V12,low,no,no,no,no,no,no,normal,no,0,0,0.0011657784957327944
V02,low,no,no,no,no,yes,no,normal,no,0,0,0.01856838253766821
V05,low,no,no,no,no,no,no,normal,no,0,0,0.0011657784957327944
V01,low,no,no,no,no,no,no,normal,no,0,0,0.0011657784957327944
V05,low,no,no,no,no,no,no,normal,no,0,0,0.0011657784957327944
V08,low,no,no,no,no,yes,no,normal,no,0,0,0.01856838253766821
V04,low,no,no,no,no,no,yes,normal,no,0,0,0.011751861446028238
V20,low,no,no,no,no,no,no,normal,no,0,0,0.0011657784957327944
V03,low,no,no,no,no,no,no,high,no,0,0,0.0011504356143843227
V08,low,no,no,no,no,no,no,normal,no,0,0,0.0011657784957327944
V02,low,no,no,no,no,yes,no,normal,no,0,0,0.01856838253766821
V11,low,no,no,no,no,no,no,normal,no,0,0,0.0011657784957327944
V01,low,no,no,no,yes,yes,yes,low,no,0,0,0.41185472352581104
V04,low,no,no,no,no,no,no,normal,no,0,0,0.0011657784957327944
V17,high,no,no,no,no,no,no,normal,no,0,0,0.012847827346594936
V07,low,no,no,no,no,no,no,high,no,0,0,0.0011504356143843227
V02,low,no,no,no,no,no,no,normal,no,0,0,0.0011657784957327944
V03,low,no,yes,yes,no,no,no,high,no,0,0,0.0252060737527115
V04,low,no,no,no,yes,yes,no,normal,no,0,0,0.03035244608101
V14,low,no,no,no,no,no,no,normal,no,0,0,0.0011657784957327944
V08,low,no,yes,no,no,no,no,high,no,0,0,0.00925247635124375
V05,outlier,no,no,yes,no,no,no,low,no,0,1,0.5
V05,low,no,no,no,yes,no,no,low,no,0,0,0.14481797834924404
V08,low,no,no,no,no,no,no,normal,no,0,0,0.0011657784957327944
V14,high,no,no,no,no,no,no,normal,no,0,0,0.012847827346594936
V13,low,no,no,no,no,no,no,normal,no,0,0,0.0011657784957327944
V06,low,no,no,no,no,no,no,normal,no,0,0,0.0011657784957327944
V02,outlier,no,no,no,no,no,no,high,no,0,0,0.019127128450983633
V05,low,no,no,no,no,no,no,normal,no,0,0,0.0011657784957327944
V17,high,no,no,no,no,no,no,normal,no,0,0,0.012847827346594936
V01,low,no,no,no,no,no,no,low,no,0,0,0.011570496738585049
V03,low,no,no,no,no,no,no,high,no,0,0,0.0011504356143843227
V14,low,no,no,no,no,yes,no,normal,no,0,0,0.01856838253766821
V01,low,no,no,no,no,no,no,high,no,0,0,0.0011504356143843227
V03,low,no,no,no,no,no,no,low,no,0,0,0.011570496738585049
V06,low,no,no,no,no,no,no,normal,no,0,0,0.0011657784957327944
V11,low,no,yes,no,no,no,no,high,no,0,0,0.00925247635124375
V02,low,no,no,no,no,no,no,normal,no,0,0,0.0011657784957327944
V02,low,no,no,no,no,no,no,normal,no,0,0,0.0011657784957327944
V11,low,no,no,no,no,no,no,normal,no,0,0,0.0011657784957327944
V09,low,no,no,no,no,no,no,normal,no,0,0,0.0011657784957327944
V08,outlier,no,no,no,no,yes,yes,normal,yes,1,0,0.0010827197921178
V04,low,no,no,no,no,no,no,normal,no,0,0,0.0011657784957327944
V08,low,no,no,yes,no,no,no,high,no,0,0,0.00010456313522104649
V02,low,no,no,no,yes,no,no,high,no,0,0,6.289466401670483e-05
V15,low,no,no,no,no,no,no,normal,no,0,0,0.0011657784957327944
V18,low,no,no,no,no,no,no,low,no,0,0,0.011570496738585049
V01,low,no,no,no,no,no,no,low,no,0,0,0.011570496738585049
V05,low,no,no,no,yes,no,no,normal,no,0,0,0.016753953322825036
V01,low,no,no,no,no,no,no,normal,no,0,0,0.0011657784957327944
V02,low,no,no,no,no,yes,no,low,no,0,0,0.08600537288108967
V12,low,no,yes,yes,no,no,no,normal,no,0,0,0.05412379194945735
V10,outlier,no,yes,no,no,no,yes,high,yes,1,1,0.9914675767918089
V02,low,no,yes,no,no,no,no,high,yes,1,0,0.00925247635124375
V02,low,no,no,no,yes,yes,no,low,no,0,0,0.16673554572880936
V07,high,no,no,no,no,no,no,normal,no,0,0,0.012847827346594936
V02,outlier,no,no,no,no,no,no,high,no,0,0,0.019127128450983633
V02,low,no,no,no,no,no,no,normal,no,0,0,0.0011657784957327944
V13,low,no,no,no,no,no,no,normal,no,0,0,0.0011657784957327944
V06,low,no,no,no,no,no,no,normal,no,0,0,0.0011657784957327944
V13,low,no,no,no,no,no,yes,high,no,0,0,0.016806479606595315
V03,low,no,no,no,no,no,no,normal,no,0,0,0.0011657784957327944
V03,high,no,no,yes,no,yes,no,low,yes,1,1,0.6152307281941851
V19,low,no,no,no,no,no,no,normal,no,0,0,0.0011657784957327944
V10,low,no,no,no,no,no,no,high,no,0,0,0.0011504356143843227
V07,low,no,no,no,no,no,no,normal,no,0,0,0.0011657784957327944
V03,low,no,no,no,no,no,no,normal,no,0,0,0.0011657784957327944
V17,low,no,no,no,no,no,no,normal,no,0,0,0.0011657784957327944
V08,low,no,no,no,no,no,no,normal,no,0,0,0.0011657784957327944
V14,low,no,no,no,no,no,no,normal,no,0,0,0.0011657784957327944
V06,low,no,no,no,no,no,no,normal,no,0,0,0.0011657784957327944
V05,low,no,no,no,yes,yes,no,low,no,0,0,0.16673554572880936
V12,low,no,no,no,no,no,no,normal,no,0,0,0.0011657784957327944
V13,low,no,yes,no,no,no,no,normal,no,0,0,0.020373043188631066
V03,high,no,no,no,no,no,no,normal,no,0,0,0.012847827346594936
V05,low,no,no,no,no,no,no,normal,no,0,0,0.0011657784957327944
V01,high,no,no,no,no,no,no,normal,no,0,0,0.012847827346594936
V17,low,no,no,no,no,no,no,high,no,0,0,0.0011504356143843227
V01,low,no,yes,no,no,no,no,normal,no,0,0,0.020373043188631066
V08,low,no,no,no,no,no,no,normal,no,0,0,0.0011657784957327944
V05,low,no,no,no,no,no,no,normal,no,0,0,0.0011657784957327944
V07,low,yes,yes,yes,no,no,no,normal,no,0,0,0.08393527882114996
V11,low,no,no,no,no,no,no,low,no,0,0,0.011570496738585049
V04,low,no,no,no,no,no,no,normal,no,0,0,0.0011657784957327944
V11,low,no,no,no,no,no,no,low,no,0,0,0.011570496738585049
V04,low,no,no,no,no,no,no,normal,no,0,0,0.0011657784957327944
V20,low,no,no,no,no,no,no,normal,no,0,0,0.0011657784957327944
V12,low,no,no,no,no,no,no,normal,no,0,0,0.0011657784957327944
V06,low,no,no,no,no,no,no,normal,no,0,0,0.0011657784957327944
V10,low,no,no,no,no,no,no,normal,no,0,0,0.0011657784957327944
V17,low,no,no,no,no,no,no,normal,no,0,0,0.0011657784957327944
V03,low,no,no,no,no,no,no,normal,no,0,0,0.0011657784957327944
V07,low,no,no,no,no,no,no,normal,no,0,0,0.0011657784957327944
V03,high,no,no,no,no,yes,no,high,no,0,0,0.14329947981174138
V03,low,no,yes,no,no,no,no,normal,no,0,0,0.020373043188631066
V13,low,no,no,no,no,no,no,normal,no,0,0,0.0011657784957327944
V03,low,no,no,no,yes,yes,no,low,yes,1,0,0.16673554572880936
V20,low,no,no,no,no,no,no,normal,no,0,0,0.0011657784957327944
V05,outlier,no,yes,yes,no,yes,yes,low,yes,1,1,0.9978392394122731
V06,low,no,no,no,no,no,no,high,no,0,0,0.0011504356143843227
V03,low,no,no,no,no,no,no,normal,no,0,0,0.0011657784957327944
V07,high,no,no,no,no,no,no,normal,no,0,0,0.012847827346594936
V08,low,no,no,yes,no,no,yes,normal,no,0,0,0.20034682080924854
V09,low,no,no,no,no,no,no,normal,no,0,0,0.0011657784957327944
V09,low,no,no,no,no,no,no,normal,no,0,0,0.0011657784957327944
V06,low,no,no,no,no,no,no,low,no,0,0,0.011570496738585049
V10,low,no,no,no,yes,yes,no,normal,no,0,0,0.03035244608101
V06,low,no,no,no,yes,no,no,normal,no,0,0,0.016753953322825036
V14,outlier,no,no,yes,yes,yes,no,low,yes,1,1,0.9978392394122731
V07,low,no,yes,no,no,no,no,normal,no,0,0,0.020373043188631066
V15,low,no,no,no,no,no,no,low,no,0,0,0.011570496738585049
V17,low,no,yes,yes,no,no,no,normal,no,0,0,0.05412379194945735
V07,low,no,no,no,no,yes,no,normal,no,0,0,0.01856838253766821
V14,low,no,no,no,no,no,no,normal,no,0,0,0.0011657784957327944
V06,low,no,no,no,yes,no,no,normal,no,0,0,0.016753953322825036
V08,low,no,no,no,yes,yes,no,normal,no,0,0,0.03035244608101
V01,low,no,no,no,no,no,no,normal,no,0,0,0.0011657784957327944
V09,high,no,no,no,yes,no,no,high,no,0,0,0.0004817883985353632
V07,low,no,no,no,no,no,no,normal,no,0,0,0.0011657784957327944
V08,low,no,no,yes,no,no,no,normal,no,0,0,0.02123730864327424
V03,low,no,no,no,no,no,no,high,no,0,0,0.0011504356143843227
V16,low,no,no,no,no,no,no,normal,no,0,0,0.0011657784957327944
V11,low,no,no,no,no,no,no,low,no,0,0,0.011570496738585049
V10,low,no,no,no,no,yes,no,normal,no,0,0,0.01856838253766821
V02,low,no,no,no,no,no,no,high,no,0,0,0.0011504356143843227
V04,low,no,no,no,no,no,no,high,no,0,0,0.0011504356143843227
V09,low,no,no,no,no,no,no,normal,no,0,0,0.0011657784957327944
V03,low,no,no,no,no,no,no,normal,no,0,0,0.0011657784957327944
V08,low,no,no,no,no,no,no,normal,no,0,0,0.0011657784957327944
V11,low,yes,yes,yes,yes,yes,no,low,yes,1,1,0.9914675767918089
V02,low,no,no,no,no,no,no,low,no,0,0,0.011570496738585049
V11,low,no,no,yes,no,no,no,high,no,0,0,0.00010456313522104649
V12,low,no,no,no,no,no,no,high,no,0,0,0.0011504356143843227
V02,high,no,no,no,yes,no,no,normal,no,0,0,0.03137712209144655
V03,low,no,no,no,no,no,no,normal,no,0,0,0.0011657784957327944
V06,low,no,yes,no,no,no,no,normal,no,0,0,0.020373043188631066
V10,low,no,yes,no,no,no,no,high,yes,1,0,0.00925247635124375
V06,low,no,yes,no,no,yes,no,normal,no,0,0,0.09557244341648768
V16,low,no,yes,no,no,no,no,normal,no,0,0,0.020373043188631066
V06,low,no,no,no,yes,yes,no,normal,no,0,0,0.03035244608101
V07,outlier,no,no,no,no,no,no,normal,no,0,0,0.0364371091508544
V07,low,no,no,no,no,yes,no,normal,no,0,0,0.01856838253766821
V10,low,no,no,no,no,no,no,normal,no,0,0,0.0011657784957327944
V01,low,no,no,no,no,no,no,low,no,0,0,0.011570496738585049
V15,low,no,no,no,no,no,no,low,no,0,0,0.011570496738585049
V15,low,no,no,no,no,no,no,low,no,0,0,0.011570496738585049
V03,low,no,no,no,no,no,no,normal,no,0,0,0.0011657784957327944
V06,low,no,no,no,yes,no,no,normal,no,0,0,0.016753953322825036
V11,high,no,no,no,no,no,no,low,yes,1,0,0.08855878828842667
V02,low,no,no,no,no,no,no,normal,no,0,0,0.0011657784957327944
V05,low,no,no,no,no,no,no,high,no,0,0,0.0011504356143843227
V15,low,no,no,no,no,no,no,normal,no,0,0,0.0011657784957327944
V02,low,no,no,no,no,no,no,high,no,0,0,0.0011504356143843227
V13,outlier,no,no,no,no,no,no,normal,no,0,0,0.0364371091508544
V10,outlier,no,no,no,no,yes,no,low,no,0,0,0.48149338131345587
V06,outlier,yes,no,no,yes,no,yes,normal,yes,1,1,0.5
V17,high,no,no,no,no,no,no,normal,no,0,0,0.012847827346594936
V13,low,no,no,no,no,no,no,normal,no,0,0,0.0011657784957327944
V04,low,no,no,no,no,no,no,normal,no,0,0,0.0011657784957327944
V02,high,no,no,no,no,no,no,high,no,0,0,3.741338800676435e-05
V01,outlier,no,no,no,no,no,no,normal,no,0,0,0.0364371091508544
V17,low,no,no,no,no,no,no,normal,no,0,0,0.0011657784957327944
V04,low,no,no,no,no,no,no,high,no,0,0,0.0011504356143843227
V13,low,no,no,no,no,no,no,normal,no,0,0,0.0011657784957327944
V03,outlier,no,no,no,no,no,no,normal,no,0,0,0.0364371091508544
V15,low,no,no,no,no,no,no,normal,no,0,0,0.0011657784957327944
V06,low,no,no,yes,no,yes,no,low,yes,1,0,0.27667823646702605
V10,high,no,no,yes,no,no,no,normal,no,0,0,0.031504175252141844
V09,low,no,no,no,yes,no,no,normal,no,0,0,0.016753953322825036
V04,low,no,no,no,no,no,no,normal,no,0,0,0.0011657784957327944
V07,low,no,no,no,no,no,no,high,no,0,0,0.0011504356143843227
V06,low,no,no,no,no,no,no,normal,no,0,0,0.0011657784957327944
V04,low,no,no,no,no,no,no,normal,no,0,0,0.0011657784957327944
V05,low,no,no,no,no,no,no,normal,no,0,0,0.0011657784957327944
V02,low,no,no,no,no,no,no,normal,no,0,0,0.0011657784957327944
V03,low,no,no,no,no,no,no,low,no,0,0,0.011570496738585049
V01,low,no,no,no,yes,no,no,high,no,0,0,6.289466401670483e-05
V05,low,no,no,no,no,no,no,normal,no,0,0,0.0011657784957327944
V11,low,no,no,yes,no,yes,no,normal,no,0,0,0.023626710230753523
V04,low,no,yes,no,no,no,no,low,no,0,0,0.08965856691363142
V04,low,no,no,no,no,no,no,high,no,0,0,0.0011504356143843227
V10,low,no,no,no,yes,no,no,high,no,0,0,6.289466401670483e-05
V03,low,no,no,no,no,no,no,high,no,0,0,0.0011504356143843227
V04,low,no,yes,no,no,no,no,normal,no,0,0,0.020373043188631066
V05,low,no,no,no,no,no,no,normal,no,0,0,0.0011657784957327944
V07,high,no,yes,no,no,no,no,normal,no,0,0,0.015279019618155998
V03,low,no,no,no,no,no,no,normal,no,0,0,0.0011657784957327944
V12,low,no,yes,no,no,no,yes,normal,no,0,0,0.0005100999795960009
V04,low,no,no,no,no,no,no,normal,no,0,0,0.0011657784957327944
V20,low,no,no,no,no,no,no,normal,no,0,0,0.0011657784957327944
V10,high,no,no,no,no,no,no,high,no,0,0,3.741338800676435e-05
V12,low,no,no,yes,no,no,no,normal,no,0,0,0.02123730864327424
V05,low,no,no,no,no,no,no,normal,no,0,0,0.0011657784957327944
V10,low,no,no,no,no,no,no,normal,no,0,0,0.0011657784957327944
V03,low,no,no,no,no,no,no,normal,no,0,0,0.0011657784957327944
V03,high,no,no,no,yes,yes,no,low,no,0,1,0.5998266897746967
V07,low,no,no,no,no,no,no,normal,no,0,0,0.0011657784957327944
V04,low,no,no,no,no,no,no,low,no,0,0,0.011570496738585049
V06,low,no,no,no,no,no,no,normal,no,0,0,0.0011657784957327944
V05,low,no,no,no,no,no,no,high,no,0,0,0.0011504356143843227
V12,low,no,no,no,no,no,no,normal,no,0,0,0.0011657784957327944
V10,outlier,no,no,no,no,no,no,high,no,0,0,0.019127128450983633
V08,low,no,no,no,yes,yes,no,low,no,0,0,0.16673554572880936
V12,low,no,no,no,no,no,no,low,no,0,0,0.011570496738585049
V05,low,no,no,no,no,yes,no,normal,no,0,0,0.01856838253766821
V12,low,no,yes,no,no,yes,no,normal,no,0,0,0.09557244341648768
V04,low,no,no,no,no,no,no,normal,no,0,0,0.0011657784957327944
V01,low,no,no,no,no,no,no,normal,no,0,0,0.0011657784957327944
V05,outlier,no,no,no,no,yes,yes,low,yes,1,1,0.5712518555170708
V03,low,no,no,no,no,no,no,normal,no,0,0,0.0011657784957327944
V03,low,no,no,no,no,no,no,normal,no,0,0,0.0011657784957327944
V02,low,no,no,no,no,no,no,low,no,0,0,0.011570496738585049
V08,low,no,no,no,no,no,no,normal,no,0,0,0.0011657784957327944
V15,low,no,no,no,no,yes,no,high,no,0,0,8.679048776254124e-05
V13,low,no,yes,no,no,no,no,normal,no,0,0,0.020373043188631066
V04,low,no,no,no,no,no,no,normal,no,0,0,0.0011657784957327944
V07,low,no,no,no,no,no,no,high,no,0,0,0.0011504356143843227
V04,low,no,no,yes,no,no,no,normal,no,0,0,0.02123730864327424
V03,low,no,no,no,no,no,no,normal,no,0,0,0.0011657784957327944
V06,low,no,no,no,no,no,no,normal,no,0,0,0.0011657784957327944
V06,outlier,no,no,no,no,no,no,normal,no,0,0,0.0364371091508544
V16,low,yes,yes,no,no,yes,no,normal,no,0,0,0.2510803802938635
V03,low,no,no,no,no,no,no,normal,no,0,0,0.0011657784957327944
V12,low,no,no,no,no,no,no,high,no,0,0,0.0011504356143843227
V04,low,no,no,yes,no,no,no,normal,no,0,0,0.02123730864327424
V01,low,no,no,no,no,no,no,high,no,0,0,0.0011504356143843227
V13,low,no,no,no,no,no,no,high,no,0,0,0.0011504356143843227
V10,high,no,no,no,no,no,no,normal,no,0,0,0.012847827346594936
V16,low,no,no,yes,no,yes,no,normal,no,0,0,0.023626710230753523
V04,low,no,no,no,no,no,no,high,no,0,0,0.0011504356143843227
V11,low,no,no,no,no,no,no,normal,no,0,0,0.0011657784957327944
V09,low,no,no,no,no,no,no,high,no,0,0,0.0011504356143843227
V01,low,no,no,no,no,no,no,low,no,0,0,0.011570496738585049
V05,low,no,no,no,no,no,no,normal,no,0,0,0.0011657784957327944
V20,outlier,no,no,no,no,yes,yes,low,yes,1,1,0.5712518555170708
V01,low,no,no,no,no,no,no,normal,no,0,0,0.0011657784957327944
V08,high,no,no,no,no,no,yes,normal,no,0,0,0.10356693997246992
V05,low,no,no,no,no,no,no,high,no,0,0,0.0011504356143843227
V06,outlier,no,yes,no,yes,no,no,high,no,0,1,0.9914675767918089
V08,low,no,no,no,no,no,no,high,no,0,0,0.0011504356143843227
V07,low,no,no,yes,no,no,no,normal,no,0,0,0.02123730864327424
V07,low,no,no,no,no,no,no,normal,no,0,0,0.0011657784957327944
V09,low,no,no,no,no,no,no,normal,no,0,0,0.0011657784957327944
V18,low,no,no,no,no,no,no,normal,no,0,0,0.0011657784957327944
V17,low,no,no,no,no,no,no,normal,no,0,0,0.0011657784957327944
V03,high,no,no,no,no,no,no,normal,no,0,0,0.012847827346594936
V05,low,no,no,no,yes,no,no,normal,no,0,0,0.016753953322825036
V14,low,no,no,no,no,no,no,low,no,0,0,0.011570496738585049
V08,low,yes,no,no,no,yes,no,normal,yes,1,1,0.5453829183737787
V10,low,no,no,no,yes,no,no,normal,no,0,0,0.016753953322825036
V16,low,no,no,yes,no,no,no,high,no,0,0,0.00010456313522104649
V04,low,no,no,no,no,no,no,normal,no,0,0,0.0011657784957327944
V04,low,no,no,no,no,no,no,normal,no,0,0,0.0011657784957327944
V01,low,no,no,no,no,no,no,high,no,0,0,0.0011504356143843227
V05,low,no,no,no,yes,yes,yes,low,no,0,0,0.41185472352581104
V06,low,no,no,no,no,no,no,normal,no,0,0,0.0011657784957327944
V05,low,yes,yes,no,no,no,no,normal,no,0,0,0.04199797600115657
V14,low,no,no,no,no,no,no,normal,no,0,0,0.0011657784957327944
V01,low,no,no,no,no,no,no,high,no,0,0,0.0011504356143843227
V18,low,no,no,no,no,no,no,normal,no,0,0,0.0011657784957327944
V11,outlier,no,no,no,no,no,no,normal,no,0,0,0.0364371091508544
V18,low,no,no,no,no,no,no,normal,no,0,0,0.0011657784957327944
V08,low,no,no,no,no,no,no,high,no,0,0,0.0011504356143843227
V01,low,no,no,no,no,no,no,normal,no,0,0,0.0011657784957327944
V03,low,no,no,no,no,yes,no,normal,no,0,0,0.01856838253766821
V15,low,no,no,no,yes,no,no,normal,no,0,0,0.016753953322825036
V03,low,no,no,no,no,no,no,normal,no,0,0,0.0011657784957327944
V05,low,no,no,no,no,yes,no,normal,no,0,0,0.01856838253766821
V02,high,no,no,no,yes,yes,no,normal,no,0,0,0.20034682080924854
V08,low,no,no,no,no,no,no,normal,no,0,0,0.0011657784957327944
V09,high,no,no,no,no,no,no,normal,no,0,0,0.012847827346594936
V10,low,no,no,no,no,no,no,normal,no,0,0,0.0011657784957327944
V04,high,no,no,yes,no,no,no,normal,no,0,0,0.031504175252141844
V08,high,no,no,no,no,no,no,normal,no,0,0,0.012847827346594936
V06,low,no,no,no,no,no,no,normal,no,0,0,0.0011657784957327944
V13,low,no,no,no,no,no,no,normal,no,0,0,0.0011657784957327944
V06,low,no,no,no,no,no,no,normal,no,0,0,0.0011657784957327944
V01,outlier,no,no,no,no,no,no,normal,no,0,0,0.0364371091508544
V03,low,no,no,no,no,no,no,normal,no,0,0,0.0011657784957327944
V08,low,no,yes,yes,no,no,no,normal,no,0,0,0.05412379194945735
V05,low,yes,no,no,no,yes,no,low,yes,1,0,0.3338141950375072
V05,low,no,no,no,no,no,no,high,no,0,0,0.0011504356143843227
V02,low,no,no,no,no,no,no,normal,no,0,0,0.0011657784957327944
V06,low,no,no,no,no,no,no,normal,no,0,0,0.0011657784957327944
V01,low,no,no,no,no,no,no,high,no,0,0,0.0011504356143843227
V02,low,no,no,no,no,no,no,normal,no,0,0,0.0011657784957327944
V05,low,no,no,no,yes,yes,no,normal,no,0,0,0.03035244608101
V06,low,no,no,no,no,no,no,normal,no,0,0,0.0011657784957327944
V11,low,no,no,no,no,no,no,normal,no,0,0,0.0011657784957327944
V06,high,yes,yes,no,no,yes,no,high,yes,1,1,0.5
V01,outlier,no,no,no,no,no,yes,high,no,0,0,0.001730103806228374
V01,low,no,no,no,no,no,no,normal,no,0,0,0.0011657784957327944
V18,low,no,no,no,yes,no,no,high,no,0,0,6.289466401670483e-05
V02,low,no,no,no,no,no,no,high,no,0,0,0.0011504356143843227
V13,low,no,no,yes,no,yes,no,normal,no,0,0,0.023626710230753523
V05,low,no,no,no,no,yes,no,low,no,0,0,0.08600537288108967
V16,high,no,no,no,no,no,no,normal,no,0,0,0.012847827346594936
V17,low,no,yes,no,no,no,no,normal,no,0,0,0.020373043188631066
V14,low,no,no,no,no,no,no,normal,no,0,0,0.0011657784957327944
V03,low,no,no,no,no,no,no,high,no,0,0,0.0011504356143843227
V11,low,no,no,no,no,no,no,high,no,0,0,0.0011504356143843227
V06,low,no,no,no,no,no,no,normal,no,0,0,0.0011657784957327944
V02,low,no,no,no,no,no,no,normal,no,0,0,0.0011657784957327944
V14,low,no,no,no,no,no,no,normal,no,0,0,0.0011657784957327944
V17,low,no,no,no,no,no,no,high,no,0,0,0.0011504356143843227
V16,low,no,no,no,yes,yes,yes,normal,no,0,0,0.2060324589159947
V01,low,no,no,no,no,no,yes,high,no,0,0,0.016806479606595315
V15,low,no,no,no,no,yes,no,low,no,0,0,0.08600537288108967
V04,outlier,no,no,no,no,no,no,normal,no,0,0,0.0364371091508544
V13,low,no,no,no,no,no,no,normal,no,0,0,0.0011657784957327944
V01,low,no,no,no,no,yes,no,low,no,0,0,0.08600537288108967
V10,low,no,no,no,no,no,yes,normal,no,0,0,0.011751861446028238
V05,low,no,no,no,no,no,no,normal,no,0,0,0.0011657784957327944
V05,low,no,no,no,no,no,no,normal,no,0,0,0.0011657784957327944
V07,low,no,no,no,no,no,no,normal,no,0,0,0.0011657784957327944
V09,low,no,no,no,no,yes,no,normal,no,0,0,0.01856838253766821
V01,outlier,no,no,no,no,no,no,normal,no,0,0,0.0364371091508544
V02,low,no,no,no,no,no,no,low,no,0,0,0.011570496738585049
V04,low,no,no,no,no,no,no,normal,no,0,0,0.0011657784957327944
V04,low,no,no,no,no,no,no,high,no,0,0,0.0011504356143843227
V11,outlier,no,yes,no,no,no,no,low,no,0,1,0.5998266897746967
V10,low,no,no,no,no,yes,no,low,no,0,0,0.08600537288108967
V01,low,no,no,no,no,no,no,normal,no,0,0,0.0011657784957327944
V17,low,no,no,no,no,no,no,high,no,0,0,0.0011504356143843227
V01,high,yes,no,no,no,no,no,normal,no,0,0,0.16714822305691995
V01,low,no,no,no,no,no,no,normal,no,0,0,0.0011657784957327944
V19,low,no,no,no,no,no,yes,normal,no,0,0,0.011751861446028238
V05,low,no,no,no,no,no,no,normal,no,0,0,0.0011657784957327944
V01,low,no,no,no,no,no,no,low,no,0,0,0.011570496738585049
V16,low,no,no,no,no,no,no,normal,no,0,0,0.0011657784957327944
V18,low,no,no,yes,no,no,no,normal,no,0,0,0.02123730864327424
V10,low,no,no,no,no,no,no,normal,no,0,0,0.0011657784957327944
V01,low,no,no,no,no,no,no,normal,no,0,0,0.0011657784957327944
V01,low,no,no,no,no,no,no,normal,no,0,0,0.0011657784957327944
V06,low,no,no,no,no,no,no,normal,no,0,0,0.0011657784957327944
V03,low,no,no,no,no,no,no,normal,no,0,0,0.0011657784957327944
V09,low,no,no,no,no,no,no,high,no,0,0,0.0011504356143843227
V04,low,no,no,no,no,no,no,normal,no,0,0,0.0011657784957327944
V01,low,no,no,no,no,yes,no,normal,no,0,0,0.01856838253766821
V13,low,no,no,no,no,no,no,normal,no,0,0,0.0011657784957327944
V03,low,no,no,no,no,no,no,high,no,0,0,0.0011504356143843227
V06,low,no,no,no,no,no,yes,normal,no,0,0,0.011751861446028238
V11,low,no,no,no,no,no,no,normal,no,0,0,0.0011657784957327944
V01,low,no,no,no,no,no,no,low,no,0,0,0.011570496738585049
V05,low,no,no,no,no,no,no,high,no,0,0,0.0011504356143843227
V09,low,no,no,no,no,no,no,normal,no,0,0,0.0011657784957327944
V05,low,no,no,no,yes,no,no,normal,no,0,0,0.016753953322825036
V03,low,no,no,no,no,no,no,normal,no,0,0,0.0011657784957327944
V05,low,no,no,no,no,no,no,low,no,0,0,0.011570496738585049
V09,low,no,no,no,no,no,no,high,no,0,0,0.0011504356143843227
V02,outlier,yes,no,yes,no,yes,yes,low,yes,1,1,0.5
V08,low,no,no,no,no,no,no,normal,no,0,0,0.0011657784957327944
V04,low,no,no,no,no,no,no,low,no,0,0,0.011570496738585049
V02,low,no,yes,yes,no,yes,no,low,yes,1,0,0.46158975726860496
V13,low,no,no,no,no,no,no,normal,no,0,0,0.0011657784957327944
V03,high,no,no,no,no,no,no,normal,no,0,0,0.012847827346594936
V02,high,no,no,no,no,no,no,normal,no,0,0,0.012847827346594936
V04,low,no,no,no,no,no,no,normal,no,0,0,0.0011657784957327944
V01,low,no,no,no,no,no,no,normal,no,0,0,0.0011657784957327944
V03,low,no,no,no,no,yes,yes,normal,no,0,0,0.09219841958616909
V02,low,no,no,no,no,no,no,normal,no,0,0,0.0011657784957327944
V11,low,no,no,no,no,no,no,high,no,0,0,0.0011504356143843227
V11,low,no,no,no,no,no,no,low,no,0,0,0.011570496738585049
V04,low,no,no,no,no,no,no,normal,no,0,0,0.0011657784957327944
V05,low,no,no,no,no,no,no,high,no,0,0,0.0011504356143843227
V08,low,no,no,no,no,yes,no,normal,no,0,0,0.01856838253766821
V03,low,no,no,yes,no,no,no,normal,no,0,0,0.02123730864327424
V04,low,no,no,yes,no,yes,no,normal,no,0,0,0.023626710230753523
V10,low,no,no,no,no,no,no,normal,no,0,0,0.0011657784957327944
V09,low,no,no,no,no,no,no,normal,no,0,0,0.0011657784957327944
V03,low,no,yes,no,yes,yes,no,normal,no,0,0,0.22275702733923758
V08,low,no,no,no,no,yes,no,normal,no,0,0,0.01856838253766821
V04,low,no,no,no,yes,no,no,normal,no,0,0,0.016753953322825036
V05,low,no,no,no,no,no,no,high,no,0,0,0.0011504356143843227
V04,low,no,no,no,no,no,no,low,no,0,0,0.011570496738585049
V16,low,no,no,yes,no,no,no,high,no,0,0,0.00010456313522104649
V06,high,no,no,no,no,no,no,normal,no,0,0,0.012847827346594936
V05,low,no,no,no,no,no,no,high,no,0,0,0.0011504356143843227
V16,low,no,no,no,no,no,no,low,no,0,0,0.011570496738585049
V03,low,no,no,no,no,no,no,low,no,0,0,0.011570496738585049
V09,low,no,no,no,no,no,no,normal,no,0,0,0.0011657784957327944
V07,low,no,no,yes,no,no,no,normal,no,0,0,0.02123730864327424
V13,high,no,no,no,no,no,no,normal,no,0,0,0.012847827346594936
V01,low,no,no,no,no,no,no,normal,no,0,0,0.0011657784957327944
V12,outlier,no,no,no,no,no,no,high,no,0,0,0.019127128450983633
V07,low,no,no,no,no,no,no,normal,no,0,0,0.0011657784957327944
V09,low,no,no,yes,no,no,no,normal,no,0,0,0.02123730864327424
V05,low,no,no,no,no,yes,yes,normal,no,0,0,0.09219841958616909
V03,high,no,no,no,no,yes,no,normal,no,0,0,0.043593097549932076
V03,low,yes,yes,yes,no,no,no,low,no,0,1,0.5
V05,low,no,yes,no,no,no,no,normal,no,0,0,0.020373043188631066
V15,low,no,no,no,no,no,no,normal,no,0,0,0.0011657784957327944
V18,low,no,no,no,no,no,no,high,no,0,0,0.0011504356143843227
V13,high,no,no,no,no,no,no,normal,no,0,0,0.012847827346594936
V04,low,no,yes,no,no,no,no,low,no,0,0,0.08965856691363142
V19,low,no,no,yes,no,no,no,normal,no,0,0,0.02123730864327424
V10,high,no,no,yes,yes,yes,yes,low,yes,1,1,0.9956970740103269
V20,high,no,no,no,no,no,no,high,no,0,0,3.741338800676435e-05
V11,low,no,no,no,no,no,no,normal,no,0,0,0.0011657784957327944
V05,low,no,no,no,no,no,yes,normal,no,0,0,0.011751861446028238
V04,low,no,no,no,no,no,no,normal,no,0,0,0.0011657784957327944
V10,high,yes,no,yes,yes,yes,no,low,yes,1,1,0.9914675767918089
V15,low,no,no,no,no,no,no,high,no,0,0,0.0011504356143843227
V07,low,no,no,no,no,no,no,high,no,0,0,0.0011504356143843227
V12,low,no,no,no,no,no,no,high,no,0,0,0.0011504356143843227
V10,low,no,no,no,no,no,no,low,no,0,0,0.011570496738585049
V09,low,no,no,no,no,no,no,normal,no,0,0,0.0011657784957327944
V07,low,no,yes,yes,yes,no,no,normal,no,0,0,0.33365421640354254
V09,low,no,no,no,no,no,no,normal,no,0,0,0.0011657784957327944
V04,low,no,no,no,no,no,no,normal,no,0,0,0.0011657784957327944
V15,low,no,no,no,yes,yes,no,low,no,0,0,0.16673554572880936
V03,low,no,no,no,no,no,no,normal,no,0,0,0.0011657784957327944
V05,low,no,no,no,no,no,no,normal,no,0,0,0.0011657784957327944
V08,low,no,no,no,no,no,no,high,no,0,0,0.0011504356143843227
V02,low,no,no,no,yes,no,no,normal,no,0,0,0.016753953322825036
V07,low,no,no,no,no,no,no,normal,no,0,0,0.0011657784957327944
V01,low,no,yes,no,no,yes,no,normal,no,0,0,0.09557244341648768
V02,low,no,no,no,no,yes,no,normal,no,0,0,0.01856838253766821
V02,high,no,no,no,no,no,no,normal,no,0,0,0.012847827346594936
V13,low,no,no,no,no,no,no,normal,no,0,0,0.0011657784957327944
V05,low,no,no,no,no,no,no,high,no,0,0,0.0011504356143843227
V04,low,no,no,no,no,no,no,high,no,0,0,0.0011504356143843227
V04,outlier,yes,yes,no,yes,no,no,normal,yes,1,1,0.5
V10,low,no,yes,yes,no,no,no,normal,no,0,0,0.05412379194945735
V13,high,no,no,no,no,no,no,normal,no,0,0,0.012847827346594936
V15,high,no,no,no,no,no,no,normal,no,0,0,0.012847827346594936
V06,low,no,no,no,no,no,yes,normal,no,0,0,0.011751861446028238
V05,high,no,no,no,no,no,no,normal,no,0,0,0.012847827346594936
V02,low,no,no,no,no,no,no,normal,no,0,0,0.0011657784957327944
V12,low,no,no,no,no,no,no,normal,no,0,0,0.0011657784957327944
V02,high,no,no,no,no,no,no,high,no,0,0,3.741338800676435e-05
V10,low,no,no,no,no,no,no,high,no,0,0,0.0011504356143843227
V04,low,no,no,no,no,no,no,normal,no,0,0,0.0011657784957327944
V08,low,no,no,no,no,yes,no,high,no,0,0,8.679048776254124e-05
V14,low,no,no,yes,no,yes,no,high,no,0,0,0.059273617629055295
V18,low,no,no,yes,no,no,no,low,no,0,0,0.07913964745638871
V06,low,no,no,no,no,no,no,normal,no,0,0,0.0011657784957327944
V06,low,no,no,no,no,no,no,high,no,0,0,0.0011504356143843227
V14,low,no,yes,no,no,no,no,high,no,0,0,0.00925247635124375
V01,low,no,no,yes,no,yes,yes,normal,yes,1,0,0.05598381190980921
V11,low,no,yes,yes,no,no,no,normal,no,0,0,0.05412379194945735
V07,low,no,no,no,no,no,no,high,no,0,0,0.0011504356143843227
V06,low,no,no,no,no,no,no,normal,no,0,0,0.0011657784957327944
V09,outlier,no,no,no,yes,no,no,high,no,0,0,0.16762839007501443
V16,low,no,no,no,no,no,no,low,no,0,0,0.011570496738585049
V02,high,no,no,yes,no,no,no,normal,yes,1,0,0.031504175252141844
V03,low,no,yes,no,no,no,no,normal,no,0,0,0.020373043188631066
V12,low,no,no,no,no,yes,no,low,no,0,0,0.08600537288108967
V06,low,no,no,no,no,no,no,high,no,0,0,0.0011504356143843227
V03,low,no,no,no,no,no,no,normal,no,0,0,0.0011657784957327944
V03,low,no,no,yes,no,no,no,normal,no,0,0,0.02123730864327424
V03,low,no,no,no,no,no,no,normal,no,0,0,0.0011657784957327944
V02,low,no,no,no,no,no,no,normal,no,0,0,0.0011657784957327944
V07,high,no,yes,no,yes,yes,yes,high,yes,1,1,0.9914675767918089
V02,low,no,no,no,no,no,no,high,no,0,0,0.0011504356143843227
V12,low,no,no,no,no,no,no,normal,no,0,0,0.0011657784957327944
V10,high,no,no,no,no,no,no,low,yes,1,0,0.08855878828842667
V06,low,no,no,no,no,no,no,normal,no,0,0,0.0011657784957327944
V01,low,no,no,yes,no,no,no,high,no,0,0,0.00010456313522104649
V03,low,no,no,no,no,no,no,normal,no,0,0,0.0011657784957327944
V08,low,no,no,no,no,no,no,normal,no,0,0,0.0011657784957327944
V04,low,no,no,no,no,no,no,normal,no,0,0,0.0011657784957327944
V08,low,no,no,no,no,no,no,normal,no,0,0,0.0011657784957327944
V13,high,no,no,no,no,no,no,normal,no,0,0,0.012847827346594936
V01,low,no,no,no,no,no,no,low,no,0,0,0.011570496738585049
V06,low,no,no,no,no,no,no,normal,no,0,0,0.0011657784957327944
V02,low,no,no,no,no,no,no,low,no,0,0,0.011570496738585049
V08,low,no,no,no,no,no,no,low,no,0,0,0.011570496738585049
V06,low,no,no,no,no,no,no,normal,no,0,0,0.0011657784957327944
V13,low,no,no,no,no,no,no,normal,no,0,0,0.0011657784957327944
V04,low,no,no,no,no,no,no,normal,no,0,0,0.0011657784957327944
V12,low,no,no,no,no,no,no,normal,no,0,0,0.0011657784957327944
V08,low,no,no,no,no,no,no,high,no,0,0,0.0011504356143843227
V12,low,no,no,no,no,no,no,high,no,0,0,0.0011504356143843227
V08,high,no,yes,yes,yes,no,no,normal,yes,1,0,0.002876869965477561
V12,low,no,no,no,no,no,no,high,no,0,0,0.0011504356143843227
V01,low,no,no,no,no,no,no,normal,no,0,0,0.0011657784957327944
V13,outlier,no,no,no,no,no,no,normal,no,0,0,0.0364371091508544
V01,low,no,yes,yes,no,no,no,high,no,0,0,0.0252060737527115
V01,low,no,no,no,no,no,no,normal,no,0,0,0.0011657784957327944
V03,low,no,no,no,no,no,no,normal,no,0,0,0.0011657784957327944
V14,low,no,no,yes,no,no,no,normal,no,0,0,0.02123730864327424
V17,low,no,no,no,no,no,no,normal,no,0,0,0.0011657784957327944
V02,outlier,no,no,no,no,no,no,normal,no,0,0,0.0364371091508544
V07,low,no,no,no,no,no,no,normal,no,0,0,0.0011657784957327944
V13,high,no,no,no,no,no,no,normal,no,0,0,0.012847827346594936
V03,low,no,no,no,no,no,no,normal,no,0,0,0.0011657784957327944
V09,low,no,no,no,no,no,no,normal,no,0,0,0.0011657784957327944
V14,low,no,no,no,no,no,no,normal,no,0,0,0.0011657784957327944
V13,low,no,no,no,no,no,no,low,no,0,0,0.011570496738585049
V08,low,no,no,no,no,no,no,normal,no,0,0,0.0011657784957327944
V12,low,no,no,no,no,no,no,normal,no,0,0,0.0011657784957327944
V05,low,no,no,no,no,no,no,high,no,0,0,0.0011504356143843227
V10,low,no,no,no,no,yes,no,normal,no,0,0,0.01856838253766821
V05,high,no,no,no,no,no,no,normal,no,0,0,0.012847827346594936
V03,low,no,yes,no,no,yes,no,low,no,0,0,0.17415899834062448
V03,low,no,no,no,no,no,no,normal,no,0,0,0.0011657784957327944
V04,low,no,no,no,no,no,no,normal,no,0,0,0.0011657784957327944
V02,high,no,no,no,no,no,no,normal,no,0,0,0.012847827346594936
V16,high,no,no,no,no,no,no,normal,no,0,0,0.012847827346594936
V04,low,no,no,no,no,no,no,normal,no,0,0,0.0011657784957327944
V06,low,no,no,no,no,no,no,high,no,0,0,0.0011504356143843227
V01,low,no,no,no,no,no,no,normal,no,0,0,0.0011657784957327944
V06,low,no,no,no,no,no,no,normal,no,0,0,0.0011657784957327944
V08,low,no,no,no,no,no,no,normal,no,0,0,0.0011657784957327944
V11,low,no,no,yes,yes,no,no,high,no,0,0,0.0010827197921178
V13,low,no,no,no,no,yes,no,low,no,0,0,0.08600537288108967
V19,low,no,no,no,no,no,no,low,no,0,0,0.011570496738585049
V15,low,no,no,no,no,no,no,normal,no,0,0,0.0011657784957327944
V03,low,no,no,no,no,no,no,high,no,0,0,0.0011504356143843227
V01,low,no,yes,no,no,no,no,normal,no,0,0,0.020373043188631066
V16,low,no,no,no,no,no,no,normal,no,0,0,0.0011657784957327944
V08,low,no,no,no,no,no,no,normal,no,0,0,0.0011657784957327944
V12,outlier,no,no,no,no,yes,no,normal,no,0,0,0.22870599900842833
V04,low,no,no,no,no,no,no,normal,no,0,0,0.0011657784957327944
V09,low,no,no,no,no,no,no,normal,no,0,0,0.0011657784957327944
V07,low,yes,no,no,no,no,no,normal,no,0,0,0.026423971132325398
V14,low,no,no,no,yes,no,no,normal,no,0,0,0.016753953322825036
V01,low,no,no,no,yes,no,no,normal,no,0,0,0.016753953322825036
V03,low,no,no,no,no,no,no,high,no,0,0,0.0011504356143843227
V15,low,no,no,yes,no,yes,no,low,no,0,0,0.27667823646702605
V04,low,no,no,yes,yes,no,no,normal,no,0,0,0.00037713078895761044
V02,high,no,yes,yes,yes,yes,no,low,yes,1,1,0.9978392394122731
V09,low,no,no,no,no,no,no,high,no,0,0,0.0011504356143843227
V02,high,no,no,no,yes,yes,yes,normal,no,0,1,0.5
V06,high,no,no,no,no,yes,yes,normal,no,0,0,0.2730854081311062
V03,low,no,no,no,no,no,no,high,no,0,0,0.0011504356143843227
V08,low,no,no,no,no,no,no,normal,no,0,0,0.0011657784957327944
V03,low,no,no,no,no,no,no,normal,no,0,0,0.0011657784957327944
V09,low,no,no,no,no,no,no,high,no,0,0,0.0011504356143843227
V17,low,no,no,no,no,no,no,normal,no,0,0,0.0011657784957327944
V10,low,no,no,no,yes,no,no,low,no,0,0,0.14481797834924404
V07,low,no,no,no,no,no,no,normal,no,0,0,0.0011657784957327944
V02,high,no,no,no,no,no,no,high,no,0,0,3.741338800676435e-05
V08,low,no,no,no,no,no,no,normal,no,0,0,0.0011657784957327944
V07,low,no,no,no,no,no,yes,low,no,0,0,0.1501518438177874
V05,low,no,no,no,no,no,no,normal,no,0,0,0.0011657784957327944
V07,low,no,no,no,no,no,no,low,no,0,0,0.011570496738585049
V05,low,no,no,no,no,no,no,normal,no,0,0,0.0011657784957327944
V04,low,no,no,no,no,yes,yes,normal,no,0,0,0.09219841958616909
V02,low,no,no,no,no,no,no,normal,no,0,0,0.0011657784957327944
V04,low,no,no,no,yes,yes,no,normal,no,0,0,0.03035244608101
V05,low,no,no,no,no,no,no,normal,no,0,0,0.0011657784957327944
V10,low,no,no,no,no,no,no,normal,no,0,0,0.0011657784957327944
V11,high,no,yes,no,no,no,no,normal,no,0,0,0.015279019618155998
V04,low,no,no,no,no,no,no,normal,no,0,0,0.0011657784957327944
V01,outlier,no,no,no,no,no,no,normal,no,0,0,0.0364371091508544
V04,low,no,no,no,no,no,no,normal,no,0,0,0.0011657784957327944
V03,low,no,no,no,no,no,no,normal,no,0,0,0.0011657784957327944
V02,low,no,no,no,no,yes,no,normal,no,0,0,0.01856838253766821
V05,high,no,no,no,no,no,no,normal,no,0,0,0.012847827346594936
V01,low,no,no,no,no,yes,yes,normal,no,0,0,0.09219841958616909
V01,high,no,no,no,no,no,yes,normal,no,0,0,0.10356693997246992
V03,low,no,no,no,no,no,no,normal,no,0,0,0.0011657784957327944
V15,high,no,no,no,no,no,no,normal,no,0,0,0.012847827346594936
V04,high,no,no,no,no,no,no,normal,no,0,0,0.012847827346594936
V02,low,no,no,no,no,no,no,high,no,0,0,0.0011504356143843227
V06,low,no,no,no,no,no,no,normal,no,0,0,0.0011657784957327944
V19,low,no,no,no,no,no,no,normal,no,0,0,0.0011657784957327944
V03,low,no,no,no,no,no,no,low,no,0,0,0.011570496738585049
V10,low,no,no,no,no,no,no,normal,no,0,0,0.0011657784957327944
V09,low,no,no,no,no,no,no,high,no,0,0,0.0011504356143843227
V06,high,no,no,yes,yes,yes,no,normal,no,0,1,0.9956970740103269
V09,low,no,no,no,no,no,no,normal,no,0,0,0.0011657784957327944
V05,low,no,no,no,no,yes,no,normal,no,0,0,0.01856838253766821
V05,low,no,no,no,no,no,no,normal,no,0,0,0.0011657784957327944
V06,low,no,no,yes,no,no,no,low,no,0,0,0.07913964745638871
V05,high,no,no,yes,yes,no,no,low,yes,1,1,0.5
V03,high,no,no,no,no,no,no,normal,no,0,0,0.012847827346594936
V07,high,no,no,no,no,no,no,normal,no,0,0,0.012847827346594936
V01,high,no,no,no,no,no,no,low,no,0,0,0.08855878828842667
V06,low,no,no,no,no,no,no,normal,no,0,0,0.0011657784957327944
V09,low,no,no,no,no,no,no,normal,no,0,0,0.0011657784957327944
V07,outlier,no,no,no,no,no,no,normal,no,0,0,0.0364371091508544
V03,low,no,no,no,no,no,no,low,no,0,0,0.011570496738585049
V02,high,no,yes,no,no,no,no,normal,no,0,0,0.015279019618155998
V03,low,no,no,no,no,no,no,low,no,0,0,0.011570496738585049
V05,low,no,no,no,no,no,no,normal,no,0,0,0.0011657784957327944
V13,low,no,no,no,no,no,yes,normal,no,0,0,0.011751861446028238
V02,low,no,no,no,yes,yes,no,low,no,0,0,0.16673554572880936
V04,outlier,no,no,no,no,yes,no,low,yes,1,0,0.48149338131345587
V07,outlier,no,no,no,no,yes,no,normal,no,0,0,0.22870599900842833
V04,low,no,no,no,no,no,no,normal,no,0,0,0.0011657784957327944
V14,low,no,no,no,no,no,no,normal,no,0,0,0.0011657784957327944
V12,low,no,no,no,no,no,no,high,no,0,0,0.0011504356143843227
V03,low,no,no,no,no,no,no,normal,no,0,0,0.0011657784957327944
V09,low,no,no,no,no,no,no,normal,no,0,0,0.0011657784957327944
V04,low,no,no,yes,no,yes,no,low,no,0,0,0.27667823646702605
V08,low,no,no,no,no,no,no,high,no,0,0,0.0011504356143843227
V07,low,no,no,no,no,no,no,normal,no,0,0,0.0011657784957327944
V17,high,no,yes,yes,yes,yes,no,low,yes,1,1,0.9978392394122731
V06,high,no,no,no,no,no,no,low,no,0,0,0.08855878828842667
V03,high,no,no,no,no,no,no,normal,no,0,0,0.012847827346594936
V12,outlier,no,no,no,no,yes,yes,normal,yes,1,0,0.0010827197921178
V13,low,no,yes,yes,no,no,no,high,no,0,0,0.0252060737527115
V11,high,no,no,no,no,no,no,high,no,0,0,3.741338800676435e-05
V02,low,no,no,no,no,yes,no,normal,no,0,0,0.01856838253766821
V01,low,no,no,yes,yes,no,no,normal,no,0,0,0.00037713078895761044
V12,low,no,no,yes,no,no,no,normal,no,0,0,0.02123730864327424
V08,low,no,no,no,yes,no,no,normal,no,0,0,0.016753953322825036
V14,low,no,no,no,no,no,no,low,no,0,0,0.011570496738585049
V01,low,no,no,no,no,yes,no,normal,no,0,0,0.01856838253766821
V04,low,yes,no,no,no,no,yes,normal,no,0,1,0.5554485945321525
V04,low,no,no,no,no,no,no,low,no,0,0,0.011570496738585049
V03,low,no,no,no,no,no,no,normal,no,0,0,0.0011657784957327944
V07,low,no,no,no,no,no,no,normal,no,0,0,0.0011657784957327944
V12,low,no,no,no,no,no,no,low,no,0,0,0.011570496738585049
V13,low,no,no,no,no,no,no,normal,no,0,0,0.0011657784957327944
V02,high,no,no,no,no,yes,no,high,no,0,0,0.14329947981174138
V03,low,no,no,no,no,no,no,normal,no,0,0,0.0011657784957327944
V15,low,no,no,no,no,yes,no,low,no,0,0,0.08600537288108967
V15,low,no,yes,no,no,no,no,normal,no,0,0,0.020373043188631066
V09,low,no,no,no,no,no,no,low,no,0,0,0.011570496738585049
V01,low,no,no,no,no,no,no,normal,no,0,0,0.0011657784957327944
V09,outlier,no,yes,no,no,no,yes,normal,yes,1,0,0.20103806228373705
V01,outlier,no,no,no,no,no,no,normal,no,0,0,0.0364371091508544
V02,low,no,no,no,no,no,no,normal,no,0,0,0.0011657784957327944
V03,high,no,no,no,no,no,no,low,no,0,0,0.08855878828842667
V04,low,no,no,no,no,no,no,normal,no,0,0,0.0011657784957327944
V13,low,no,no,no,no,no,no,high,no,0,0,0.0011504356143843227
V02,outlier,no,no,no,no,no,yes,normal,no,0,0,0.22240071970183778
V06,low,no,no,no,yes,no,no,normal,no,0,0,0.016753953322825036
V02,low,no,yes,no,no,no,no,low,no,0,0,0.08965856691363142
V01,outlier,no,no,no,no,no,no,normal,no,0,0,0.0364371091508544
V12,low,no,no,no,no,no,no,normal,no,0,0,0.0011657784957327944
V09,low,no,yes,no,no,no,no,low,no,0,0,0.08965856691363142
V02,low,no,no,no,no,yes,no,normal,no,0,0,0.01856838253766821
V20,low,no,no,no,no,no,no,normal,no,0,0,0.0011657784957327944
V09,low,no,yes,no,no,yes,no,high,yes,1,0,0.0009626492106276474
V11,low,no,no,no,no,no,no,normal,no,0,0,0.0011657784957327944
V14,low,no,no,no,no,no,no,low,no,0,0,0.011570496738585049
V11,low,no,yes,no,no,no,no,low,no,0,0,0.08965856691363142
V15,low,no,no,no,no,no,no,high,no,0,0,0.0011504356143843227
V10,high,yes,yes,no,yes,no,no,normal,yes,1,1,0.5
V15,low,no,no,no,no,no,no,normal,no,0,0,0.0011657784957327944
V15,low,no,no,no,no,no,no,normal,no,0,0,0.0011657784957327944
V15,low,no,no,no,yes,no,no,high,no,0,0,6.289466401670483e-05
V06,low,no,no,no,no,no,no,normal,no,0,0,0.0011657784957327944
V03,low,no,no,no,no,no,no,normal,no,0,0,0.0011657784957327944
V08,low,no,no,no,yes,no,no,normal,no,0,0,0.016753953322825036
V03,outlier,no,no,no,no,no,no,high,no,0,0,0.019127128450983633
V06,low,no,no,no,no,no,no,normal,no,0,0,0.0011657784957327944
V12,low,no,no,no,no,no,no,normal,no,0,0,0.0011657784957327944
V02,low,no,no,no,no,yes,no,normal,no,0,0,0.01856838253766821
V05,high,no,no,no,no,no,no,high,no,0,0,3.741338800676435e-05
V04,low,no,no,no,no,no,no,normal,no,0,0,0.0011657784957327944
V11,low,no,no,no,no,no,no,normal,no,0,0,0.0011657784957327944
V02,low,no,no,yes,no,yes,no,normal,no,0,0,0.023626710230753523
V05,low,no,no,no,no,no,no,normal,no,0,0,0.0011657784957327944
V03,low,no,no,no,no,no,no,normal,no,0,0,0.0011657784957327944
V04,low,no,no,no,yes,no,yes,normal,no,0,0,0.30034662045060656
V12,low,no,no,no,no,no,no,normal,no,0,0,0.0011657784957327944
V06,low,no,no,yes,no,no,no,low,no,0,0,0.07913964745638871
V11,low,no,no,no,no,no,no,normal,no,0,0,0.0011657784957327944
V05,low,no,no,no,no,no,no,normal,no,0,0,0.0011657784957327944
V09,low,no,no,no,no,no,no,high,no,0,0,0.0011504356143843227
V15,low,no,no,no,no,yes,no,normal,no,0,0,0.01856838253766821
V07,low,no,no,no,no,no,no,low,no,0,0,0.011570496738585049
V15,outlier,yes,no,no,no,yes,yes,low,yes,1,1,0.9914675767918089
V01,low,no,no,no,no,no,no,normal,no,0,0,0.0011657784957327944
V11,high,no,no,no,no,no,no,normal,no,0,0,0.012847827346594936
V01,low,no,no,no,no,no,no,normal,no,0,0,0.0011657784957327944
V01,low,no,no,no,no,no,no,normal,no,0,0,0.0011657784957327944
V08,low,no,no,no,no,no,no,normal,no,0,0,0.0011657784957327944
V19,high,no,no,no,no,no,no,high,no,0,0,3.741338800676435e-05
V19,low,no,no,no,no,no,yes,normal,no,0,0,0.011751861446028238
V12,high,no,no,no,no,no,no,normal,no,0,0,0.012847827346594936
V10,low,no,no,no,no,no,no,high,no,0,0,0.0011504356143843227
V11,low,no,no,no,no,no,no,normal,no,0,0,0.0011657784957327944
V03,low,no,no,no,no,no,no,normal,no,0,0,0.0011657784957327944
V02,low,no,no,no,no,no,no,high,no,0,0,0.0011504356143843227
V14,low,no,yes,yes,no,no,no,normal,no,0,0,0.05412379194945735
V09,low,no,no,no,no,no,no,high,no,0,0,0.0011504356143843227
V06,low,no,no,no,no,no,no,normal,no,0,0,0.0011657784957327944
V01,low,no,no,no,no,no,no,normal,no,0,0,0.0011657784957327944
V03,low,no,no,no,no,no,no,normal,no,0,0,0.0011657784957327944
V08,low,no,no,no,no,no,no,high,no,0,0,0.0011504356143843227
V03,high,no,no,no,no,no,no,normal,no,0,0,0.012847827346594936
V01,low,no,no,no,no,no,no,normal,no,0,0,0.0011657784957327944
V01,low,no,no,no,no,no,no,high,no,0,0,0.0011504356143843227
V06,low,no,no,no,no,no,yes,normal,yes,1,0,0.011751861446028238
V08,high,no,no,no,no,no,no,high,no,0,0,3.741338800676435e-05
V02,low,no,no,no,no,yes,no,high,no,0,0,8.679048776254124e-05
V14,low,no,yes,no,no,no,yes,normal,no,0,0,0.0005100999795960009
V12,low,no,no,no,no,no,no,normal,no,0,0,0.0011657784957327944
V08,low,no,no,yes,no,yes,no,low,no,0,0,0.27667823646702605
V04,low,no,no,no,no,yes,no,high,no,0,0,8.679048776254124e-05
V18,low,no,no,yes,no,yes,yes,low,yes,1,1,0.6152307281941851
V02,low,no,no,no,no,no,no,normal,no,0,0,0.0011657784957327944
V05,low,no,no,no,no,no,no,low,no,0,0,0.011570496738585049
V09,low,no,no,no,no,no,no,normal,no,0,0,0.0011657784957327944
V11,low,no,no,no,no,no,no,normal,no,0,0,0.0011657784957327944
V04,low,no,no,no,no,no,no,normal,no,0,0,0.0011657784957327944
V04,low,no,no,yes,yes,yes,no,low,yes,1,1,0.6920512136569752
V05,low,no,no,no,no,no,no,normal,no,0,0,0.0011657784957327944
V06,low,no,no,no,no,no,no,normal,no,0,0,0.0011657784957327944
V07,high,no,no,no,no,yes,no,normal,no,0,0,0.043593097549932076
V14,high,yes,no,no,no,no,no,normal,no,0,0,0.16714822305691995
V11,low,no,no,no,no,no,no,high,no,0,0,0.0011504356143843227
V17,low,no,no,yes,no,yes,no,low,yes,1,0,0.27667823646702605
V10,low,no,no,no,no,no,no,normal,no,0,0,0.0011657784957327944
V08,low,no,yes,yes,no,no,no,low,no,0,0,0.15430781541744465
V09,low,no,no,no,no,no,no,normal,no,0,0,0.0011657784957327944
V14,low,no,no,yes,yes,no,yes,normal,yes,1,0,0.008532423208191127
V10,low,no,yes,no,no,no,no,normal,no,0,0,0.020373043188631066
V05,low,no,no,no,no,no,no,normal,no,0,0,0.0011657784957327944
V04,low,no,no,no,no,no,no,high,no,0,0,0.0011504356143843227
V02,low,no,no,no,no,no,no,normal,no,0,0,0.0011657784957327944
V03,low,no,no,yes,yes,yes,no,low,no,0,1,0.6920512136569752
V05,high,no,no,no,no,no,no,normal,no,0,0,0.012847827346594936
V16,outlier,no,no,yes,no,yes,no,low,yes,1,1,0.8176804286164513
V05,low,no,no,no,no,no,no,normal,no,0,0,0.0011657784957327944
V17,low,no,no,no,no,no,no,normal,no,0,0,0.0011657784957327944
V05,low,no,no,no,no,no,yes,normal,no,0,0,0.011751861446028238
V15,high,no,no,no,no,no,no,normal,no,0,0,0.012847827346594936
V11,low,no,no,no,no,no,no,normal,no,0,0,0.0011657784957327944
V04,low,no,no,yes,no,no,no,high,no,0,0,0.00010456313522104649
V02,low,no,no,no,no,no,no,normal,no,0,0,0.0011657784957327944
V13,low,no,no,no,no,no,no,normal,no,0,0,0.0011657784957327944
V08,low,no,no,no,no,no,no,normal,no,0,0,0.0011657784957327944
V08,low,no,no,no,no,no,no,low,no,0,0,0.011570496738585049
V07,low,no,no,no,no,no,no,low,no,0,0,0.011570496738585049
V04,low,no,no,no,no,no,no,low,no,0,0,0.011570496738585049
V11,low,no,no,no,yes,no,no,normal,no,0,0,0.016753953322825036
V12,low,no,no,no,no,no,no,normal,no,0,0,0.0011657784957327944
V16,outlier,no,yes,no,no,no,no,high,no,0,0,0.10562351652364432
V14,low,no,no,no,no,no,no,normal,no,0,0,0.0011657784957327944
V14,low,no,no,no,no,no,no,low,no,0,0,0.011570496738585049
V03,low,no,yes,no,no,no,no,low,no,0,0,0.08965856691363142
V11,low,no,no,no,no,yes,no,normal,no,0,0,0.01856838253766821
V09,low,no,no,no,no,no,no,normal,no,0,0,0.0011657784957327944
V08,low,no,no,no,yes,no,no,normal,no,0,0,0.016753953322825036
V03,low,no,no,no,no,no,no,normal,no,0,0,0.0011657784957327944
V15,low,no,no,no,no,no,no,high,no,0,0,0.0011504356143843227
V08,low,no,no,no,no,no,no,high,no,0,0,0.0011504356143843227
V04,high,no,no,no,yes,no,no,high,no,0,0,0.0004817883985353632
V03,low,no,no,no,no,no,no,low,no,0,0,0.011570496738585049
V03,low,no,no,no,no,no,no,normal,no,0,0,0.0011657784957327944
V07,low,no,no,no,no,no,no,normal,no,0,0,0.0011657784957327944
V08,low,no,no,no,no,yes,no,low,no,0,0,0.08600537288108967
V02,low,no,yes,yes,no,no,no,normal,no,0,0,0.05412379194945735
V03,low,no,no,no,yes,no,no,normal,no,0,0,0.016753953322825036
V03,outlier,yes,yes,yes,no,no,no,normal,yes,1,0,0.3342922899884926
V04,low,no,no,no,no,no,no,normal,no,0,0,0.0011657784957327944
V05,low,no,no,no,no,no,no,normal,no,0,0,0.0011657784957327944
V18,low,no,no,no,no,yes,no,normal,no,0,0,0.01856838253766821
V06,high,no,no,no,no,no,no,low,no,0,0,0.08855878828842667
V01,low,no,no,no,no,no,no,normal,no,0,0,0.0011657784957327944
V10,low,no,no,no,no,no,yes,normal,no,0,0,0.011751861446028238
V01,low,no,no,no,yes,no,no,normal,no,0,0,0.016753953322825036
V07,high,no,no,no,yes,no,no,high,no,0,0,0.0004817883985353632
V01,low,no,no,no,no,no,no,normal,no,0,0,0.0011657784957327944
V11,low,no,no,no,no,no,no,high,no,0,0,0.0011504356143843227
V04,low,yes,no,no,no,no,no,normal,no,0,0,0.026423971132325398
V14,low,no,no,no,no,no,no,high,no,0,0,0.0011504356143843227
V01,low,no,no,no,no,no,no,normal,no,0,0,0.0011657784957327944
V12,low,no,no,no,no,no,no,high,no,0,0,0.0011504356143843227
V02,low,no,no,no,yes,yes,no,normal,no,0,0,0.03035244608101
V03,low,no,no,no,no,no,no,normal,no,0,0,0.0011657784957327944
V03,low,no,no,no,no,no,no,normal,no,0,0,0.0011657784957327944
V09,high,no,no,no,no,yes,no,low,no,0,0,0.2693847591085013
V01,low,no,no,no,yes,no,no,normal,no,0,0,0.016753953322825036
V03,low,no,no,no,no,yes,no,normal,no,0,0,0.01856838253766821
V02,low,no,no,no,no,no,no,high,no,0,0,0.0011504356143843227
V06,low,no,no,no,no,no,no,high,no,0,0,0.0011504356143843227
V03,low,no,no,no,no,no,no,normal,no,0,0,0.0011657784957327944
V04,low,no,no,no,no,yes,no,normal,no,0,0,0.01856838253766821
V18,low,no,no,no,no,no,no,normal,no,0,0,0.0011657784957327944
V03,high,no,no,no,no,no,no,normal,no,0,0,0.012847827346594936
V13,high,no,no,no,no,no,no,high,no,0,0,3.741338800676435e-05
V02,low,no,no,no,no,no,no,high,no,0,0,0.0011504356143843227
V03,low,no,no,no,no,no,no,normal,no,0,0,0.0011657784957327944
V03,low,no,no,no,no,no,yes,normal,no,0,0,0.011751861446028238
V04,outlier,no,no,no,no,yes,no,low,no,0,0,0.48149338131345587
V07,low,no,no,no,no,no,no,normal,no,0,0,0.0011657784957327944
V06,low,no,no,no,no,no,no,normal,no,0,0,0.0011657784957327944
V05,high,no,no,no,no,no,no,normal,no,0,0,0.012847827346594936
V13,low,no,no,no,no,no,no,normal,no,0,0,0.0011657784957327944
V01,low,no,no,no,no,no,no,normal,no,0,0,0.0011657784957327944
V06,low,yes,no,yes,yes,yes,yes,normal,yes,1,0,0.008532423208191127
V09,low,no,no,no,no,no,no,normal,no,0,0,0.0011657784957327944
V07,low,no,no,no,no,no,no,normal,no,0,0,0.0011657784957327944
V01,low,no,no,yes,no,yes,no,normal,no,0,0,0.023626710230753523
V10,low,no,yes,no,no,no,no,low,no,0,0,0.08965856691363142
V05,low,no,no,no,no,no,no,normal,no,0,0,0.0011657784957327944
V09,low,no,no,yes,no,no,no,normal,no,0,0,0.02123730864327424
V01,low,no,no,no,no,no,no,normal,no,0,0,0.0011657784957327944
V02,low,no,no,yes,no,no,no,normal,no,0,0,0.02123730864327424
V08,high,no,no,no,no,no,no,low,no,0,0,0.08855878828842667
V08,low,no,no,no,no,no,no,normal,no,0,0,0.0011657784957327944
V13,low,yes,yes,no,no,no,no,low,no,0,0,0.20103806228373705
V08,low,no,no,no,no,no,no,normal,no,0,0,0.0011657784957327944
V03,low,yes,no,no,no,no,no,normal,no,0,0,0.026423971132325398
V07,high,no,no,no,no,no,no,normal,no,0,0,0.012847827346594936
V15,high,no,no,no,no,yes,no,normal,no,0,0,0.043593097549932076
V03,high,no,no,no,yes,no,no,normal,no,0,0,0.03137712209144655
V11,low,no,no,no,yes,yes,no,normal,no,0,0,0.03035244608101
V07,low,no,no,no,no,no,no,normal,no,0,0,0.0011657784957327944
V01,low,no,no,no,no,no,no,normal,no,0,0,0.0011657784957327944
V01,low,yes,yes,no,yes,yes,yes,low,yes,1,1,0.9914675767918089
V04,low,no,no,no,yes,yes,no,low,no,0,0,0.16673554572880936
V01,low,no,no,no,no,no,no,low,no,0,0,0.011570496738585049
V05,low,no,no,no,no,no,no,normal,no,0,0,0.0011657784957327944
V06,low,no,no,no,yes,yes,no,low,yes,1,0,0.16673554572880936
V01,low,no,no,no,no,no,no,normal,no,0,0,0.0011657784957327944
V02,low,no,no,no,no,no,yes,normal,no,0,0,0.011751861446028238
V05,low,no,no,no,no,no,no,normal,no,0,0,0.0011657784957327944
V12,low,no,no,no,no,no,no,normal,no,0,0,0.0011657784957327944
V08,outlier,no,no,no,no,no,yes,normal,no,0,0,0.22240071970183778
V02,low,no,no,no,no,no,no,normal,no,0,0,0.0011657784957327944
V16,high,no,yes,no,no,yes,no,normal,no,0,0,0.12581203984408837
V11,low,yes,no,yes,no,yes,no,high,no,0,1,0.5
V02,high,no,no,no,no,no,no,low,no,0,0,0.08855878828842667
V13,high,no,no,yes,yes,yes,yes,low,no,0,1,0.9956970740103269
V16,outlier,no,no,no,no,no,no,normal,no,0,0,0.0364371091508544
V11,low,no,no,no,no,no,no,normal,no,0,0,0.0011657784957327944
V12,low,no,yes,yes,no,yes,no,low,yes,1,0,0.46158975726860496
V05,low,no,no,no,no,no,no,normal,no,0,0,0.0011657784957327944
V17,low,no,no,no,yes,no,no,normal,no,0,0,0.016753953322825036
V02,low,no,no,no,no,no,no,high,no,0,0,0.0011504356143843227
V06,low,no,no,no,no,no,no,normal,no,0,0,0.0011657784957327944
V03,low,no,no,no,yes,no,no,normal,no,0,0,0.016753953322825036
V04,low,no,no,no,no,no,no,low,no,0,0,0.011570496738585049
V02,low,no,no,no,no,yes,yes,high,no,0,0,0.00045645426328281907
V01,low,no,no,no,yes,no,no,normal,no,0,0,0.016753953322825036
V10,low,no,no,no,no,no,no,high,no,0,0,0.0011504356143843227
V04,low,no,no,yes,no,no,no,normal,no,0,0,0.02123730864327424
V01,low,no,no,no,no,yes,no,normal,no,0,0,0.01856838253766821
V09,low,no,no,no,no,no,no,normal,no,0,0,0.0011657784957327944
V09,low,no,no,no,no,no,no,low,no,0,0,0.011570496738585049
V01,low,no,no,no,no,no,no,normal,no,0,0,0.0011657784957327944
V08,low,no,no,no,no,no,no,normal,no,0,0,0.0011657784957327944
V03,low,no,no,no,no,yes,no,low,no,0,0,0.08600537288108967
V01,low,no,no,yes,no,no,no,normal,no,0,0,0.02123730864327424
V09,low,no,no,yes,no,yes,no,normal,no,0,0,0.023626710230753523
V02,low,no,no,no,no,no,no,normal,no,0,0,0.0011657784957327944
V11,low,no,no,no,no,no,no,normal,no,0,0,0.0011657784957327944
V07,low,no,no,no,no,no,no,normal,no,0,0,0.0011657784957327944
V09,high,no,yes,no,no,no,no,normal,no,0,0,0.015279019618155998
V01,outlier,no,yes,no,yes,yes,yes,low,yes,1,1,0.9982698961937717
V10,low,no,yes,no,no,no,no,normal,no,0,0,0.020373043188631066
V11,low,yes,no,no,no,yes,no,low,yes,1,0,0.3338141950375072
V05,low,no,no,no,no,no,yes,normal,no,0,0,0.011751861446028238
V19,low,no,no,no,no,no,no,normal,no,0,0,0.0011657784957327944
V14,high,no,yes,yes,no,yes,no,low,yes,1,1,0.7137555665512123
V04,low,no,no,no,no,no,no,normal,no,0,0,0.0011657784957327944
V04,low,no,no,no,no,yes,no,low,no,0,0,0.08600537288108967
V10,low,no,no,no,no,no,no,high,no,0,0,0.0011504356143843227
V10,low,no,yes,no,no,no,no,normal,no,0,0,0.020373043188631066
V05,low,no,no,no,no,no,no,high,no,0,0,0.0011504356143843227
V06,low,no,no,yes,no,no,no,normal,no,0,0,0.02123730864327424
V01,outlier,no,no,yes,no,no,no,normal,no,0,0,0.19073186849496115
V02,low,no,no,no,no,no,no,normal,no,0,0,0.0011657784957327944
V13,high,yes,yes,no,no,no,no,high,no,0,0,0.008532423208191127
V02,low,no,no,yes,no,yes,no,low,no,0,0,0.27667823646702605
V17,high,no,no,no,no,no,yes,low,no,0,0,0.22275702733923758
V02,low,no,no,yes,no,no,no,normal,no,0,0,0.02123730864327424
V15,low,no,no,no,yes,yes,no,normal,no,0,0,0.03035244608101
V07,high,no,no,no,no,no,no,low,no,0,0,0.08855878828842667
V05,low,no,no,yes,no,no,no,normal,no,0,0,0.02123730864327424
V19,low,no,no,yes,no,no,no,normal,no,0,0,0.02123730864327424
V02,low,no,no,no,no,no,no,normal,no,0,0,0.0011657784957327944
V14,low,no,no,no,yes,yes,no,low,no,0,0,0.16673554572880936
V04,low,no,no,no,no,no,no,normal,no,0,0,0.0011657784957327944
V02,low,no,no,no,no,no,no,low,no,0,0,0.011570496738585049
V08,low,no,no,no,no,no,no,normal,no,0,0,0.0011657784957327944
V04,low,no,no,no,no,no,no,normal,no,0,0,0.0011657784957327944
V02,low,no,no,no,no,no,no,normal,no,0,0,0.0011657784957327944
V20,low,no,no,no,no,no,no,normal,no,0,0,0.0011657784957327944
V11,low,no,no,yes,no,no,no,high,no,0,0,0.00010456313522104649
V10,low,no,no,no,yes,yes,no,normal,no,0,0,0.03035244608101
V01,low,no,no,no,no,no,no,normal,no,0,0,0.0011657784957327944
V05,outlier,no,yes,no,no,no,no,normal,no,0,0,0.13347473968376397
V02,low,no,no,no,no,no,no,normal,no,0,0,0.0011657784957327944
V16,low,no,no,no,no,yes,yes,normal,no,0,0,0.09219841958616909
V01,low,no,no,no,yes,no,no,normal,no,0,0,0.016753953322825036
V04,low,no,no,no,no,no,no,normal,no,0,0,0.0011657784957327944
V13,low,no,no,no,no,no,no,low,no,0,0,0.011570496738585049
V05,low,no,no,no,no,no,no,high,no,0,0,0.0011504356143843227
V03,low,no,yes,no,no,yes,no,normal,no,0,0,0.09557244341648768
V05,low,no,no,no,yes,no,no,normal,no,0,0,0.016753953322825036
V01,low,no,no,yes,no,no,no,normal,no,0,0,0.02123730864327424
V11,low,no,no,no,no,no,no,normal,no,0,0,0.0011657784957327944
V08,low,no,no,no,no,no,no,normal,no,0,0,0.0011657784957327944
V03,low,no,no,no,no,no,no,normal,no,0,0,0.0011657784957327944
V02,low,no,no,no,no,no,no,normal,no,0,0,0.0011657784957327944
V04,low,no,no,no,no,no,yes,normal,no,0,0,0.011751861446028238
V01,low,no,no,yes,no,yes,no,normal,yes,1,0,0.023626710230753523
V10,low,no,no,no,no,no,no,normal,no,0,0,0.0011657784957327944
V10,low,no,no,no,no,no,no,normal,no,0,0,0.0011657784957327944
V01,low,no,no,no,no,no,no,normal,no,0,0,0.0011657784957327944
V16,low,no,no,no,no,no,no,normal,no,0,0,0.0011657784957327944
V11,low,no,no,no,no,yes,no,normal,no,0,0,0.01856838253766821
V04,high,no,no,yes,no,no,no,low,yes,1,0,0.33365421640354254
V04,low,no,yes,no,no,no,no,normal,no,0,0,0.020373043188631066
V19,high,no,yes,no,no,no,no,normal,no,0,0,0.015279019618155998
V03,low,no,no,no,no,no,yes,high,no,0,0,0.016806479606595315
V01,high,yes,no,no,no,no,no,normal,no,0,0,0.16714822305691995
V19,low,no,no,no,no,no,no,high,no,0,0,0.0011504356143843227
V10,low,no,no,no,no,no,no,high,no,0,0,0.0011504356143843227
V09,low,no,no,no,no,no,no,normal,no,0,0,0.0011657784957327944
V04,low,no,no,no,no,no,no,normal,no,0,0,0.0011657784957327944
V13,low,no,no,no,no,no,no,high,no,0,0,0.0011504356143843227
V06,low,no,no,no,no,yes,no,high,no,0,0,8.679048776254124e-05
V06,low,no,yes,no,no,no,no,normal,no,0,0,0.020373043188631066
V11,low,no,no,no,no,no,no,normal,no,0,0,0.0011657784957327944
V08,high,no,no,no,yes,no,no,normal,no,0,0,0.03137712209144655
V02,low,no,no,no,yes,yes,no,normal,no,0,0,0.03035244608101
V04,high,no,no,no,no,yes,no,normal,no,0,0,0.043593097549932076
V04,low,no,no,no,no,no,no,high,no,0,0,0.0011504356143843227
V08,low,no,no,no,no,no,no,normal,no,0,0,0.0011657784957327944
V03,low,no,no,no,no,no,no,low,no,0,0,0.011570496738585049
V15,low,no,no,no,no,no,no,normal,no,0,0,0.0011657784957327944
V06,low,no,no,no,no,no,yes,high,no,0,0,0.016806479606595315
V09,low,no,no,no,no,no,no,normal,no,0,0,0.0011657784957327944
V01,low,no,no,no,no,no,yes,normal,no,0,0,0.011751861446028238
V08,low,no,no,no,no,no,no,low,no,0,0,0.011570496738585049
V03,low,no,no,no,no,no,no,normal,no,0,0,0.0011657784957327944
V01,low,no,no,no,no,no,no,normal,no,0,0,0.0011657784957327944
V18,low,no,no,no,no,no,no,normal,no,0,0,0.0011657784957327944
V03,low,no,no,no,no,no,no,normal,no,0,0,0.0011657784957327944
V04,low,no,no,no,no,no,no,normal,no,0,0,0.0011657784957327944
V07,low,no,no,yes,yes,no,no,normal,no,0,0,0.00037713078895761044
V06,low,no,yes,no,no,no,no,normal,no,0,0,0.020373043188631066
V12,low,yes,no,no,no,yes,no,low,yes,1,0,0.3338141950375072
V02,low,no,no,no,yes,no,yes,high,no,0,0,0.002876869965477561
V18,low,no,no,no,no,no,no,high,no,0,0,0.0011504356143843227
V08,low,no,no,no,no,no,no,normal,no,0,0,0.0011657784957327944
V10,low,no,no,no,no,no,no,normal,no,0,0,0.0011657784957327944
V01,low,no,no,no,no,no,no,low,no,0,0,0.011570496738585049
V05,low,no,yes,yes,no,no,yes,low,yes,1,1,0.5
V05,low,no,no,no,no,no,yes,normal,no,0,0,0.011751861446028238
V02,high,no,yes,no,no,no,no,normal,no,0,0,0.015279019618155998
V08,low,no,no,no,no,no,no,normal,no,0,0,0.0011657784957327944
V07,low,no,yes,yes,no,no,no,normal,no,0,0,0.05412379194945735
V18,low,no,no,no,no,no,no,normal,no,0,0,0.0011657784957327944
V06,outlier,no,no,no,no,yes,no,normal,no,0,0,0.22870599900842833
V10,low,no,no,no,no,no,no,normal,no,0,0,0.0011657784957327944
V08,low,no,no,no,no,no,no,high,no,0,0,0.0011504356143843227
V04,low,no,no,no,yes,no,no,normal,no,0,0,0.016753953322825036
V01,low,no,yes,no,no,yes,no,low,yes,1,0,0.17415899834062448
V04,low,no,no,no,no,no,no,low,no,0,0,0.011570496738585049
V01,low,no,no,no,no,no,no,normal,no,0,0,0.0011657784957327944
V01,low,no,no,no,no,no,no,normal,no,0,0,0.0011657784957327944
V18,low,no,no,no,no,no,no,high,no,0,0,0.0011504356143843227
V12,low,no,no,no,no,no,no,high,no,0,0,0.0011504356143843227
V10,low,no,no,yes,no,no,no,normal,no,0,0,0.02123730864327424
V03,low,no,no,no,yes,yes,no,normal,no,0,0,0.03035244608101
V07,low,no,no,no,no,no,no,normal,no,0,0,0.0011657784957327944
V06,low,no,no,no,no,yes,no,normal,no,0,0,0.01856838253766821
V05,low,no,no,no,no,no,no,normal,no,0,0,0.0011657784957327944
V08,low,no,yes,no,no,no,no,normal,no,0,0,0.020373043188631066
V03,high,no,yes,no,no,no,no,normal,no,0,0,0.015279019618155998
V02,low,no,no,no,no,no,no,normal,no,0,0,0.0011657784957327944
V09,low,no,no,no,no,no,no,normal,no,0,0,0.0011657784957327944
V02,low,no,no,no,no,no,no,normal,no,0,0,0.0011657784957327944
V08,low,no,no,no,no,no,no,normal,no,0,0,0.0011657784957327944
V02,low,no,no,no,no,no,no,high,no,0,0,0.0011504356143843227
V01,high,no,yes,yes,yes,yes,yes,low,yes,1,1,0.9914675767918089
V10,low,no,no,no,no,no,no,low,no,0,0,0.011570496738585049
V07,high,no,no,no,no,no,no,normal,no,0,0,0.012847827346594936
V02,low,no,yes,no,no,no,no,normal,no,0,0,0.020373043188631066
V03,low,no,yes,no,no,no,no,normal,no,0,0,0.020373043188631066
V09,low,no,no,no,no,no,no,normal,no,0,0,0.0011657784957327944
V07,outlier,yes,no,no,no,yes,yes,low,yes,1,1,0.9914675767918089
V03,low,no,no,no,no,yes,no,normal,no,0,0,0.01856838253766821
V02,low,no,no,no,no,no,no,normal,no,0,0,0.0011657784957327944
V08,low,no,no,no,no,no,no,high,no,0,0,0.0011504356143843227
V03,low,no,no,no,yes,no,no,normal,no,0,0,0.016753953322825036
V06,low,no,no,no,no,no,no,normal,no,0,0,0.0011657784957327944
V06,low,no,no,no,no,no,no,normal,no,0,0,0.0011657784957327944
V13,high,no,no,no,no,no,no,normal,no,0,0,0.012847827346594936
V05,low,no,yes,no,no,no,no,normal,no,0,0,0.020373043188631066
V05,low,no,no,no,no,no,no,normal,no,0,0,0.0011657784957327944
V10,low,no,no,no,no,no,no,normal,no,0,0,0.0011657784957327944
V13,low,no,no,yes,yes,no,no,normal,no,0,0,0.00037713078895761044
V03,low,no,no,no,no,no,no,normal,no,0,0,0.0011657784957327944
V05,low,no,no,no,no,no,no,normal,no,0,0,0.0011657784957327944
V13,low,no,no,no,no,no,no,normal,no,0,0,0.0011657784957327944
V10,low,no,no,no,no,no,no,high,no,0,0,0.0011504356143843227
V02,high,no,no,no,no,no,no,low,no,0,0,0.08855878828842667
V18,low,no,no,no,no,no,no,normal,no,0,0,0.0011657784957327944
V03,low,no,no,no,no,no,no,high,no,0,0,0.0011504356143843227
V01,low,no,no,no,no,no,no,normal,no,0,0,0.0011657784957327944
V02,low,no,no,no,no,no,no,normal,no,0,0,0.0011657784957327944
V02,outlier,no,no,no,yes,yes,yes,normal,yes,1,1,0.8562592775853538
V04,low,no,no,no,no,no,no,normal,no,0,0,0.0011657784957327944
V07,low,no,no,no,no,no,no,normal,no,0,0,0.0011657784957327944
V15,high,no,no,no,no,no,no,normal,no,0,0,0.012847827346594936
V20,low,no,no,no,no,no,no,normal,no,0,0,0.0011657784957327944
V01,high,no,no,no,no,no,no,normal,no,0,0,0.012847827346594936
V02,low,no,no,no,no,no,no,normal,no,0,0,0.0011657784957327944
V10,low,no,no,no,no,no,no,normal,no,0,0,0.0011657784957327944
V05,low,no,no,no,no,yes,no,low,no,0,0,0.08600537288108967
V11,low,no,yes,yes,no,no,no,normal,no,0,0,0.05412379194945735
V12,high,no,no,no,no,yes,no,normal,no,0,0,0.043593097549932076
V08,low,no,no,no,no,no,no,normal,no,0,0,0.0011657784957327944
V12,low,no,no,no,yes,yes,no,normal,no,0,0,0.03035244608101
V05,low,no,yes,no,no,no,no,high,no,0,0,0.00925247635124375
V03,high,no,no,no,no,no,no,normal,no,0,0,0.012847827346594936
V07,low,no,no,no,no,no,yes,normal,no,0,0,0.011751861446028238
V06,low,no,yes,no,no,no,no,normal,no,0,0,0.020373043188631066
V05,low,no,no,yes,no,yes,no,low,yes,1,0,0.27667823646702605
V07,low,no,no,yes,no,no,yes,normal,no,0,0,0.20034682080924854
V14,low,no,no,no,no,no,yes,normal,no,0,0,0.011751861446028238
V02,low,no,yes,yes,no,no,no,low,no,0,0,0.15430781541744465
V02,low,no,no,no,yes,yes,no,low,no,0,0,0.16673554572880936
V07,low,no,no,yes,no,no,no,normal,no,0,0,0.02123730864327424
V03,low,no,no,no,no,no,yes,normal,no,0,0,0.011751861446028238
V07,low,no,no,no,no,no,no,normal,no,0,0,0.0011657784957327944
V09,low,no,no,yes,no,no,no,low,no,0,0,0.07913964745638871
V15,low,no,yes,no,yes,no,no,high,no,0,0,0.0014425851125216388
V08,low,no,yes,yes,no,no,yes,normal,no,0,0,0.3638512448786637
V06,low,no,no,no,no,no,no,normal,no,0,0,0.0011657784957327944
V09,low,no,no,no,no,yes,no,low,no,0,0,0.08600537288108967
V14,low,no,no,no,no,no,no,normal,no,0,0,0.0011657784957327944
V04,low,no,no,no,no,no,no,high,no,0,0,0.0011504356143843227
V07,low,no,no,no,no,no,no,normal,no,0,0,0.0011657784957327944
V03,low,no,no,no,no,yes,yes,low,yes,1,0,0.1945917285259809
V04,low,no,no,yes,no,no,no,normal,no,0,0,0.02123730864327424
V02,low,no,no,no,no,yes,no,normal,no,0,0,0.01856838253766821
V09,low,no,no,no,no,no,no,normal,no,0,0,0.0011657784957327944
V03,low,no,no,no,no,no,no,low,no,0,0,0.011570496738585049
V04,outlier,no,no,no,no,no,no,normal,yes,1,0,0.0364371091508544
V02,low,no,no,no,no,no,no,normal,no,0,0,0.0011657784957327944
V04,high,no,no,yes,yes,yes,no,normal,no,0,1,0.9956970740103269
V13,low,no,no,no,no,no,no,normal,no,0,0,0.0011657784957327944
V02,high,no,yes,no,no,no,no,high,no,0,0,0.04799273087725094
V01,high,no,no,no,yes,yes,no,normal,no,0,0,0.20034682080924854
V05,low,no,no,no,no,no,no,low,no,0,0,0.011570496738585049
V02,low,no,no,no,no,no,no,normal,no,0,0,0.0011657784957327944
V09,low,no,no,no,no,no,no,normal,no,0,0,0.0011657784957327944
V02,low,no,no,no,no,no,no,normal,no,0,0,0.0011657784957327944
V07,low,no,no,no,no,yes,no,normal,no,0,0,0.01856838253766821
V09,low,no,no,no,no,no,no,normal,no,0,0,0.0011657784957327944
V09,low,no,no,no,no,no,no,normal,no,0,0,0.0011657784957327944
V03,low,no,no,no,no,no,no,normal,no,0,0,0.0011657784957327944
V11,low,no,no,no,no,no,no,low,no,0,0,0.011570496738585049
V05,low,no,no,yes,no,no,yes,low,no,0,1,0.5
V15,low,no,no,no,no,no,no,normal,no,0,0,0.0011657784957327944
V01,low,no,no,no,no,no,yes,normal,no,0,0,0.011751861446028238
V08,low,no,no,no,no,yes,no,high,no,0,0,8.679048776254124e-05
V12,high,no,no,no,no,no,no,normal,no,0,0,0.012847827346594936
V04,low,no,yes,no,no,no,no,normal,no,0,0,0.020373043188631066
V01,low,no,no,no,no,no,no,low,no,0,0,0.011570496738585049
V08,high,no,no,no,yes,yes,no,normal,no,0,0,0.20034682080924854
V15,low,no,no,no,no,no,no,normal,no,0,0,0.0011657784957327944
V06,low,no,no,no,no,no,no,normal,no,0,0,0.0011657784957327944
V11,low,no,no,no,no,yes,no,normal,no,0,0,0.01856838253766821
V08,low,no,no,no,no,no,no,normal,no,0,0,0.0011657784957327944
V01,low,no,no,no,no,no,no,low,no,0,0,0.011570496738585049
V05,high,no,no,no,no,no,no,normal,no,0,0,0.012847827346594936
V02,low,no,no,no,no,no,no,high,no,0,0,0.0011504356143843227
V10,low,no,no,yes,yes,no,no,normal,no,0,0,0.00037713078895761044
V05,low,no,no,no,yes,no,no,normal,no,0,0,0.016753953322825036
V01,low,no,no,no,no,yes,no,low,no,0,0,0.08600537288108967
V04,low,no,no,no,no,no,no,normal,no,0,0,0.0011657784957327944
V07,low,no,no,no,yes,no,no,normal,no,0,0,0.016753953322825036
V03,outlier,no,no,no,no,no,no,high,no,0,0,0.019127128450983633
V01,high,no,no,no,no,no,no,high,no,0,0,3.741338800676435e-05
V01,low,no,no,no,no,no,no,high,no,0,0,0.0011504356143843227
V14,low,no,no,no,no,no,no,normal,no,0,0,0.0011657784957327944
V02,low,no,no,no,no,no,no,normal,no,0,0,0.0011657784957327944
V08,high,no,no,no,no,no,no,high,no,0,0,3.741338800676435e-05
V15,low,no,no,no,no,no,no,normal,no,0,0,0.0011657784957327944
V02,high,yes,yes,no,no,no,yes,high,no,0,0,0.008532423208191127
V04,outlier,no,no,no,no,yes,no,high,no,0,0,0.0629742033383915
V06,low,no,no,no,no,yes,no,low,no,0,0,0.08600537288108967
V03,low,no,no,no,yes,yes,no,normal,no,0,0,0.03035244608101
V02,high,no,no,no,no,no,no,normal,no,0,0,0.012847827346594936
V03,low,no,no,no,no,no,no,high,no,0,0,0.0011504356143843227
V03,low,no,no,no,no,yes,no,low,no,0,0,0.08600537288108967
V03,high,yes,no,no,no,no,no,normal,no,0,0,0.16714822305691995
V11,low,no,no,no,no,no,no,normal,no,0,0,0.0011657784957327944
V03,low,no,no,no,no,no,no,normal,no,0,0,0.0011657784957327944
V02,low,no,no,yes,no,no,no,normal,no,0,0,0.02123730864327424
V06,low,no,no,no,yes,no,no,normal,no,0,0,0.016753953322825036
V01,low,no,no,no,yes,yes,yes,normal,no,0,0,0.2060324589159947
V02,low,no,no,no,no,yes,no,high,no,0,0,8.679048776254124e-05
V11,outlier,no,no,yes,no,yes,no,low,yes,1,1,0.8176804286164513
V08,low,no,no,no,no,no,no,normal,no,0,0,0.0011657784957327944
V17,low,no,yes,no,no,no,no,normal,no,0,0,0.020373043188631066
V07,outlier,no,no,yes,no,yes,yes,normal,no,0,1,0.7489196197061366
V18,low,no,no,no,no,no,no,high,no,0,0,0.0011504356143843227
V10,low,no,no,yes,no,no,no,normal,no,0,0,0.02123730864327424
V01,low,no,no,no,no,no,no,high,no,0,0,0.0011504356143843227
V16,low,no,yes,no,no,no,no,low,no,0,0,0.08965856691363142
V03,low,no,yes,no,no,no,no,normal,yes,1,0,0.020373043188631066
V07,low,no,no,yes,no,no,no,normal,yes,1,0,0.02123730864327424
V06,outlier,no,no,no,no,no,no,normal,no,0,0,0.0364371091508544
V01,outlier,no,yes,yes,no,no,no,normal,yes,1,0,0.4091625926510014
V13,high,no,no,no,no,no,yes,low,no,0,0,0.22275702733923758
V08,low,no,no,no,no,no,no,normal,no,0,0,0.0011657784957327944
V05,low,no,no,no,no,no,no,normal,no,0,0,0.0011657784957327944
V17,low,no,no,no,yes,yes,yes,normal,no,0,0,0.2060324589159947
V08,low,no,no,no,no,no,no,normal,no,0,0,0.0011657784957327944
V03,high,no,no,yes,no,yes,no,low,no,0,1,0.6152307281941851
V06,low,no,no,no,no,no,no,normal,no,0,0,0.0011657784957327944
V09,low,no,no,no,no,no,no,high,no,0,0,0.0011504356143843227
V11,low,no,no,no,no,no,no,normal,no,0,0,0.0011657784957327944
V07,low,no,no,no,no,no,no,normal,no,0,0,0.0011657784957327944
V11,low,no,no,no,no,no,no,normal,no,0,0,0.0011657784957327944
V01,outlier,no,no,no,no,no,no,high,no,0,0,0.019127128450983633
V15,low,no,no,no,no,no,no,low,no,0,0,0.011570496738585049
V08,low,no,no,no,no,no,no,low,no,0,0,0.011570496738585049
V13,low,no,no,no,no,no,yes,normal,no,0,0,0.011751861446028238
V09,low,no,no,no,no,no,no,high,no,0,0,0.0011504356143843227
V17,low,no,no,yes,yes,yes,no,low,yes,1,1,0.6920512136569752
V15,low,no,no,no,no,no,no,normal,no,0,0,0.0011657784957327944
V03,low,no,no,no,no,no,no,normal,no,0,0,0.0011657784957327944
V08,low,no,no,no,no,no,no,low,no,0,0,0.011570496738585049
V03,outlier,no,no,no,no,no,no,normal,no,0,0,0.0364371091508544
V03,low,no,no,no,no,no,no,normal,no,0,0,0.0011657784957327944
V09,low,no,no,no,yes,no,no,normal,no,0,0,0.016753953322825036
V11,low,no,no,no,no,no,no,low,no,0,0,0.011570496738585049
V02,low,no,no,yes,yes,yes,no,normal,yes,1,0,0.05303998539346357
V11,low,no,no,no,no,no,no,normal,no,0,0,0.0011657784957327944
V01,low,no,no,no,no,no,no,normal,no,0,0,0.0011657784957327944
V01,low,no,no,no,no,no,no,normal,no,0,0,0.0011657784957327944
V16,outlier,no,yes,yes,no,yes,no,low,yes,1,1,0.8881401617250674
V08,low,no,yes,no,no,yes,no,normal,yes,1,0,0.09557244341648768
V07,low,no,no,no,no,no,no,normal,no,0,0,0.0011657784957327944
V04,low,no,no,no,no,no,no,high,no,0,0,0.0011504356143843227
V03,low,no,no,no,no,no,no,normal,no,0,0,0.0011657784957327944
V09,low,no,no,no,no,no,no,normal,no,0,0,0.0011657784957327944
V14,low,no,no,no,no,no,no,low,no,0,0,0.011570496738585049
V08,low,no,no,no,no,no,no,normal,no,0,0,0.0011657784957327944
V19,low,no,no,no,no,no,no,normal,no,0,0,0.0011657784957327944
V03,low,no,no,no,no,no,no,normal,no,0,0,0.0011657784957327944
V13,low,no,no,no,no,yes,no,normal,no,0,0,0.01856838253766821
V02,low,no,no,no,no,no,no,low,no,0,0,0.011570496738585049
V08,low,no,no,no,no,no,no,normal,no,0,0,0.0011657784957327944
V11,low,no,no,no,no,no,no,normal,no,0,0,0.0011657784957327944
V04,high,no,no,no,no,no,no,high,no,0,0,3.741338800676435e-05
V11,low,no,no,no,no,no,no,low,no,0,0,0.011570496738585049
V04,low,no,no,no,no,no,no,normal,no,0,0,0.0011657784957327944
V18,low,no,no,no,no,no,no,high,no,0,0,0.0011504356143843227
V09,low,no,no,no,no,no,no,high,no,0,0,0.0011504356143843227
V10,low,no,no,yes,yes,no,no,normal,yes,1,0,0.00037713078895761044
V03,low,no,no,yes,no,no,no,low,no,0,0,0.07913964745638871
V02,low,no,no,yes,no,yes,no,low,no,0,0,0.27667823646702605
V06,low,no,no,no,no,no,no,normal,no,0,0,0.0011657784957327944
V01,high,no,no,no,no,no,no,normal,yes,1,0,0.012847827346594936
V05,outlier,no,no,no,no,no,no,low,no,0,0,0.17469282054107665
V06,low,no,no,no,no,yes,no,normal,no,0,0,0.01856838253766821
V02,low,no,no,no,no,no,no,normal,no,0,0,0.0011657784957327944
V01,low,no,no,no,no,yes,yes,low,no,0,0,0.1945917285259809
V01,low,no,yes,yes,no,yes,no,low,no,0,0,0.46158975726860496
V02,low,no,no,no,no,no,no,normal,no,0,0,0.0011657784957327944
V18,low,no,yes,no,no,no,no,high,no,0,0,0.00925247635124375
V10,low,no,no,no,no,no,no,high,no,0,0,0.0011504356143843227
V08,low,no,no,no,no,no,no,low,no,0,0,0.011570496738585049
V07,low,yes,no,no,no,yes,no,normal,no,0,1,0.5453829183737787
V17,low,no,no,no,no,no,no,normal,no,0,0,0.0011657784957327944
V08,low,no,no,no,yes,no,no,normal,no,0,0,0.016753953322825036
V17,low,no,no,no,no,no,no,normal,no,0,0,0.0011657784957327944
V04,high,no,no,no,no,no,no,normal,no,0,0,0.012847827346594936
V01,low,no,yes,no,no,no,yes,normal,no,0,0,0.0005100999795960009
V04,low,no,no,no,no,no,no,high,no,0,0,0.0011504356143843227
V04,low,no,no,no,yes,no,no,high,no,0,0,6.289466401670483e-05
V02,low,no,yes,yes,no,no,no,normal,no,0,0,0.05412379194945735
V09,low,no,no,no,no,no,no,normal,no,0,0,0.0011657784957327944
V03,low,no,no,no,no,no,no,high,no,0,0,0.0011504356143843227
V02,low,no,no,no,no,no,no,normal,no,0,0,0.0011657784957327944
V16,low,no,no,no,no,no,no,normal,no,0,0,0.0011657784957327944
V10,high,no,yes,yes,no,no,yes,low,no,0,1,0.5
V04,low,no,no,no,no,yes,no,low,no,0,0,0.08600537288108967
V06,low,no,no,no,no,no,no,normal,no,0,0,0.0011657784957327944
V04,high,no,no,no,no,no,no,high,no,0,0,3.741338800676435e-05
V03,low,no,no,no,no,no,no,normal,no,0,0,0.0011657784957327944
V02,low,no,no,no,no,no,no,normal,no,0,0,0.0011657784957327944
V07,low,no,no,no,no,no,no,normal,no,0,0,0.0011657784957327944
V02,low,no,no,no,no,no,no,low,no,0,0,0.011570496738585049
V05,low,no,no,no,yes,yes,yes,normal,no,0,0,0.2060324589159947
V15,low,no,no,no,no,no,no,high,no,0,0,0.0011504356143843227
V05,low,no,no,no,yes,yes,yes,normal,no,0,0,0.2060324589159947
V03,low,no,no,no,no,no,no,normal,no,0,0,0.0011657784957327944
V16,low,no,no,no,no,no,no,normal,no,0,0,0.0011657784957327944
V05,low,no,no,no,no,no,no,normal,no,0,0,0.0011657784957327944
V04,low,no,no,no,no,no,yes,normal,no,0,0,0.011751861446028238
V10,low,no,no,no,yes,no,no,low,no,0,0,0.14481797834924404
V04,outlier,no,no,no,no,no,no,normal,no,0,0,0.0364371091508544
V14,low,no,no,no,no,no,no,high,no,0,0,0.0011504356143843227
V07,low,no,no,no,no,no,no,normal,no,0,0,0.0011657784957327944
V03,low,no,no,no,no,no,no,normal,no,0,0,0.0011657784957327944
V05,low,no,no,no,no,no,no,normal,no,0,0,0.0011657784957327944
V03,low,no,no,no,no,no,no,normal,no,0,0,0.0011657784957327944
V06,low,no,no,no,no,no,no,normal,no,0,0,0.0011657784957327944
V01,low,no,no,no,no,no,no,normal,no,0,0,0.0011657784957327944
V11,low,no,no,no,no,no,no,normal,no,0,0,0.0011657784957327944
V10,low,no,no,no,no,no,no,normal,no,0,0,0.0011657784957327944
V02,low,no,no,no,no,no,no,normal,no,0,0,0.0011657784957327944
V05,low,no,no,no,no,no,no,high,no,0,0,0.0011504356143843227
V06,outlier,yes,yes,yes,no,yes,no,low,yes,1,1,0.9914675767918089
V09,low,no,no,no,yes,no,no,normal,no,0,0,0.016753953322825036
V19,low,no,no,no,no,no,no,high,no,0,0,0.0011504356143843227
V05,high,no,no,no,no,no,no,high,no,0,0,3.741338800676435e-05
V06,low,no,no,no,yes,no,no,normal,no,0,0,0.016753953322825036
V17,low,no,no,no,no,no,no,normal,no,0,0,0.0011657784957327944
V09,low,no,no,no,no,no,no,high,no,0,0,0.0011504356143843227
V04,low,no,no,no,no,no,no,normal,no,0,0,0.0011657784957327944
V11,high,no,no,no,no,no,no,low,no,0,0,0.08855878828842667
V08,low,no,no,no,no,no,yes,normal,no,0,0,0.011751861446028238
V07,low,no,no,no,no,yes,no,low,no,0,0,0.08600537288108967
V07,low,no,no,yes,yes,yes,no,high,no,0,0,0.0012370113805047008
V16,low,no,no,no,no,no,no,normal,no,0,0,0.0011657784957327944
V01,low,no,no,no,no,no,no,high,no,0,0,0.0011504356143843227
V07,low,no,no,no,no,no,no,high,no,0,0,0.0011504356143843227
V06,low,no,no,no,no,yes,no,normal,no,0,0,0.01856838253766821
V08,low,no,yes,no,no,no,no,normal,no,0,0,0.020373043188631066
V13,low,no,no,no,no,no,no,normal,no,0,0,0.0011657784957327944
V16,low,no,no,no,no,no,no,normal,no,0,0,0.0011657784957327944
V08,low,no,no,no,no,no,yes,normal,no,0,0,0.011751861446028238
V14,low,no,no,no,no,no,no,high,no,0,0,0.0011504356143843227
V03,low,no,no,no,no,no,no,normal,no,0,0,0.0011657784957327944
V06,outlier,no,no,no,no,yes,yes,normal,yes,1,0,0.0010827197921178
V02,low,no,no,no,no,no,no,normal,no,0,0,0.0011657784957327944
V03,low,no,no,no,no,no,no,normal,no,0,0,0.0011657784957327944
V08,outlier,no,no,no,no,no,no,low,no,0,0,0.17469282054107665
V15,low,no,no,no,no,no,no,high,no,0,0,0.0011504356143843227
V07,outlier,no,no,yes,no,no,no,normal,yes,1,0,0.19073186849496115
V12,low,no,no,no,no,no,no,high,no,0,0,0.0011504356143843227
V11,high,no,no,no,no,no,yes,normal,no,0,0,0.10356693997246992
V02,low,no,no,no,no,no,no,low,no,0,0,0.011570496738585049
V20,low,no,no,no,no,no,no,normal,no,0,0,0.0011657784957327944
V02,low,no,no,no,no,no,no,normal,no,0,0,0.0011657784957327944
V02,low,no,no,no,no,no,no,high,no,0,0,0.0011504356143843227
V05,low,no,no,no,no,no,no,normal,no,0,0,0.0011657784957327944
V08,low,no,no,no,yes,no,no,normal,no,0,0,0.016753953322825036
V03,low,no,no,yes,no,no,yes,normal,no,0,0,0.20034682080924854
V13,low,no,no,no,no,no,no,normal,no,0,0,0.0011657784957327944
V02,low,no,no,no,no,no,no,low,no,0,0,0.011570496738585049
V09,low,no,no,no,no,no,no,normal,no,0,0,0.0011657784957327944
V05,low,no,no,no,no,no,no,normal,no,0,0,0.0011657784957327944
V02,low,no,no,no,no,no,no,high,no,0,0,0.0011504356143843227
V07,low,no,no,no,no,yes,no,normal,no,0,0,0.01856838253766821
V03,low,no,no,no,no,no,no,normal,no,0,0,0.0011657784957327944
V04,low,no,no,no,no,no,no,normal,no,0,0,0.0011657784957327944
V16,low,no,no,no,no,no,yes,low,no,0,0,0.1501518438177874
V09,high,no,yes,no,no,no,no,high,no,0,0,0.04799273087725094
V02,low,no,no,yes,no,no,no,normal,no,0,0,0.02123730864327424
V12,outlier,no,no,no,no,no,no,high,no,0,0,0.019127128450983633
V08,low,no,no,no,yes,no,no,normal,no,0,0,0.016753953322825036
V03,low,no,no,no,yes,no,no,normal,no,0,0,0.016753953322825036
V16,outlier,no,yes,no,yes,yes,no,low,yes,1,1,0.9982698961937717
V06,low,no,no,no,no,no,no,normal,no,0,0,0.0011657784957327944
V06,outlier,no,no,no,no,no,no,normal,no,0,0,0.0364371091508544
V07,high,no,yes,yes,no,no,yes,normal,yes,1,1,0.5
V06,low,no,no,no,no,yes,no,normal,no,0,0,0.01856838253766821
V02,low,no,no,no,no,no,no,normal,no,0,0,0.0011657784957327944
V09,low,no,no,no,no,no,no,normal,no,0,0,0.0011657784957327944
V10,low,no,no,yes,no,no,no,normal,no,0,0,0.02123730864327424
V02,low,no,no,no,no,yes,no,low,no,0,0,0.08600537288108967
V06,low,no,no,no,yes,no,no,normal,no,0,0,0.016753953322825036
V03,low,no,no,no,no,no,no,low,no,0,0,0.011570496738585049
V17,low,no,no,no,yes,no,no,normal,no,0,0,0.016753953322825036
V07,low,no,no,no,no,no,no,normal,no,0,0,0.0011657784957327944
V12,low,no,no,no,no,yes,no,normal,no,0,0,0.01856838253766821
V02,low,no,no,no,no,no,no,low,no,0,0,0.011570496738585049
V10,low,no,no,no,no,yes,no,normal,no,0,0,0.01856838253766821
V07,low,no,no,no,no,no,no,normal,no,0,0,0.0011657784957327944
V12,high,no,no,yes,no,no,no,normal,yes,1,0,0.031504175252141844
V02,low,no,no,no,no,no,no,low,no,0,0,0.011570496738585049
V04,low,no,no,no,no,no,no,normal,no,0,0,0.0011657784957327944
V07,low,no,no,no,no,no,no,low,no,0,0,0.011570496738585049
V12,high,no,no,no,no,no,no,normal,no,0,0,0.012847827346594936
V03,low,no,yes,no,no,no,no,low,no,0,0,0.08965856691363142
V02,low,no,no,no,no,yes,no,normal,no,0,0,0.01856838253766821
V02,low,no,no,no,no,no,no,low,no,0,0,0.011570496738585049
V10,low,no,no,yes,no,no,no,normal,no,0,0,0.02123730864327424
V07,low,no,no,no,no,no,no,high,no,0,0,0.0011504356143843227
V08,low,no,no,no,no,no,no,normal,no,0,0,0.0011657784957327944
V11,low,no,no,no,no,no,no,normal,no,0,0,0.0011657784957327944
V09,high,no,no,no,no,no,no,high,no,0,0,3.741338800676435e-05
V18,low,no,no,no,no,no,no,normal,no,0,0,0.0011657784957327944
V07,high,no,no,no,no,yes,no,normal,no,0,0,0.043593097549932076
V08,low,no,no,yes,no,no,no,high,no,0,0,0.00010456313522104649
V03,low,no,no,no,no,no,no,normal,no,0,0,0.0011657784957327944
V01,low,no,yes,no,no,no,no,normal,no,0,0,0.020373043188631066
V12,low,no,yes,no,no,no,no,low,no,0,0,0.08965856691363142
V10,high,no,no,no,no,no,no,normal,no,0,0,0.012847827346594936
V01,low,no,no,no,no,no,no,normal,no,0,0,0.0011657784957327944
V02,outlier,no,yes,no,no,yes,no,normal,no,0,1,0.5
V04,low,no,no,no,no,no,no,high,no,0,0,0.0011504356143843227
V03,low,no,no,no,no,no,no,normal,no,0,0,0.0011657784957327944
V13,low,no,no,no,no,no,no,high,no,0,0,0.0011504356143843227
V07,low,no,no,no,no,no,no,normal,no,0,0,0.0011657784957327944
V03,low,no,no,no,yes,no,no,normal,no,0,0,0.016753953322825036
V06,low,no,no,no,yes,no,no,normal,no,0,0,0.016753953322825036
V10,low,no,no,no,no,no,yes,normal,no,0,0,0.011751861446028238
V08,high,no,no,no,no,no,no,high,no,0,0,3.741338800676435e-05
V02,low,no,no,no,no,no,no,normal,yes,1,0,0.0011657784957327944
V04,high,no,no,no,no,no,no,high,no,0,0,3.741338800676435e-05
V13,outlier,yes,yes,yes,no,no,yes,normal,yes,1,1,0.5
V08,high,no,no,no,no,no,no,high,no,0,0,3.741338800676435e-05
V03,low,no,no,no,no,no,no,normal,no,0,0,0.0011657784957327944
V01,high,no,no,no,no,no,no,high,no,0,0,3.741338800676435e-05
V16,low,no,no,no,no,no,no,normal,no,0,0,0.0011657784957327944
V10,high,yes,no,no,no,no,no,normal,no,0,0,0.16714822305691995
V03,low,no,yes,yes,no,no,yes,normal,yes,1,0,0.3638512448786637
V16,low,no,no,no,yes,yes,no,normal,no,0,0,0.03035244608101
V19,low,no,no,no,no,no,no,normal,no,0,0,0.0011657784957327944
V03,low,no,no,no,no,no,no,normal,no,0,0,0.0011657784957327944
V09,high,no,no,no,no,no,no,normal,no,0,0,0.012847827346594936
V04,low,no,no,no,no,no,no,normal,no,0,0,0.0011657784957327944
V18,low,no,no,no,no,no,no,normal,no,0,0,0.0011657784957327944
V03,low,no,no,no,no,no,no,normal,no,0,0,0.0011657784957327944
V06,low,no,no,no,no,no,no,normal,no,0,0,0.0011657784957327944
V01,high,no,no,no,no,no,no,normal,no,0,0,0.012847827346594936
V06,low,no,no,yes,no,no,no,normal,no,0,0,0.02123730864327424
V01,low,no,no,no,no,no,no,normal,no,0,0,0.0011657784957327944
V10,low,no,no,no,no,no,no,normal,no,0,0,0.0011657784957327944
V06,low,no,no,no,no,no,no,normal,no,0,0,0.0011657784957327944
V07,high,no,yes,yes,no,no,no,normal,no,0,0,0.0005780346820809249
V04,high,no,no,no,no,no,no,normal,no,0,0,0.012847827346594936
V07,low,no,no,no,no,no,yes,normal,no,0,0,0.011751861446028238
V08,high,no,no,no,no,no,no,low,no,0,0,0.08855878828842667
V09,outlier,no,no,no,no,no,no,high,no,0,0,0.019127128450983633
V02,low,no,no,no,no,no,no,normal,no,0,0,0.0011657784957327944
V04,low,no,no,no,no,no,no,normal,no,0,0,0.0011657784957327944
V12,low,no,no,no,no,no,no,low,no,0,0,0.011570496738585049
V01,low,no,no,no,yes,yes,no,normal,no,0,0,0.03035244608101
V03,low,no,no,yes,yes,no,no,low,yes,1,0,0.4001733102253033
V11,high,no,yes,no,no,yes,no,low,no,0,1,0.6657077100115075
V08,outlier,no,no,no,no,yes,no,normal,yes,1,0,0.22870599900842833
V04,low,no,no,no,no,no,no,normal,no,0,0,0.0011657784957327944
V01,low,no,no,no,no,no,no,normal,no,0,0,0.0011657784957327944
V07,low,no,no,no,no,no,no,high,no,0,0,0.0011504356143843227
V11,high,no,no,no,no,no,no,normal,no,0,0,0.012847827346594936
V10,low,no,no,no,no,no,no,high,no,0,0,0.0011504356143843227
V13,low,no,no,no,no,no,yes,high,no,0,0,0.016806479606595315
V02,low,no,no,no,no,no,no,normal,no,0,0,0.0011657784957327944
V04,low,no,no,no,no,no,no,normal,no,0,0,0.0011657784957327944
V01,low,yes,yes,yes,no,no,no,normal,no,0,0,0.08393527882114996
V11,low,no,no,no,no,no,no,normal,no,0,0,0.0011657784957327944
V03,low,no,no,no,yes,no,no,low,no,0,0,0.14481797834924404
V06,low,no,no,no,no,no,yes,high,no,0,0,0.016806479606595315
V11,low,no,no,no,no,no,no,low,no,0,0,0.011570496738585049
V05,low,no,no,no,no,no,no,normal,no,0,0,0.0011657784957327944
V06,low,no,yes,no,yes,no,no,high,no,0,0,0.0014425851125216388
V01,low,no,no,no,no,yes,no,normal,no,0,0,0.01856838253766821
V04,low,yes,no,no,no,no,no,normal,no,0,0,0.026423971132325398
V15,low,no,no,no,no,no,no,normal,no,0,0,0.0011657784957327944
V07,low,no,no,no,no,no,yes,normal,no,0,0,0.011751861446028238
V07,low,no,no,no,no,yes,no,low,no,0,0,0.08600537288108967
V02,low,no,no,no,no,no,no,normal,no,0,0,0.0011657784957327944
V12,low,no,no,no,no,no,no,high,no,0,0,0.0011504356143843227
V07,low,no,no,no,no,no,no,low,no,0,0,0.011570496738585049
V06,low,no,yes,no,no,no,no,high,no,0,0,0.00925247635124375
V01,low,no,yes,yes,no,no,no,normal,no,0,0,0.05412379194945735
V06,low,no,no,no,no,no,no,high,no,0,0,0.0011504356143843227
V12,low,no,no,no,no,no,no,normal,no,0,0,0.0011657784957327944
V17,high,no,no,no,no,no,no,normal,no,0,0,0.012847827346594936
V11,low,no,no,no,yes,no,no,normal,no,0,0,0.016753953322825036
V02,low,no,no,no,no,no,no,low,no,0,0,0.011570496738585049
V17,low,no,no,no,no,no,no,normal,no,0,0,0.0011657784957327944
V03,low,no,yes,no,no,yes,yes,normal,no,0,0,0.37527067994802943
V02,outlier,no,yes,no,no,no,no,normal,no,0,0,0.13347473968376397
V11,high,no,no,no,no,no,no,normal,no,0,0,0.012847827346594936
V07,high,no,no,no,no,no,no,high,no,0,0,3.741338800676435e-05
V07,low,no,no,no,no,no,no,normal,no,0,0,0.0011657784957327944
V06,low,no,no,yes,no,yes,no,normal,no,0,0,0.023626710230753523
V01,low,no,no,no,no,no,no,normal,no,0,0,0.0011657784957327944
V06,low,no,no,no,yes,yes,no,normal,no,0,0,0.03035244608101
V08,low,no,no,no,no,no,no,normal,no,0,0,0.0011657784957327944
V08,low,no,no,no,yes,no,no,normal,no,0,0,0.016753953322825036
V08,low,no,no,no,no,no,no,normal,no,0,0,0.0011657784957327944
V10,high,no,no,no,no,no,yes,normal,no,0,0,0.10356693997246992
V07,high,no,no,no,no,yes,yes,low,no,0,0,0.4445514054678475
V06,outlier,no,no,yes,no,no,no,normal,no,0,0,0.19073186849496115
V03,low,no,no,no,no,no,no,normal,no,0,0,0.0011657784957327944
V03,low,no,no,no,no,no,no,high,no,0,0,0.0011504356143843227
V08,low,no,no,no,no,no,no,normal,no,0,0,0.0011657784957327944
V06,low,no,no,no,no,no,no,normal,no,0,0,0.0011657784957327944
V07,low,no,no,yes,no,no,no,normal,no,0,0,0.02123730864327424
V02,low,no,no,no,no,no,no,normal,no,0,0,0.0011657784957327944
V02,low,no,no,no,no,no,no,normal,no,0,0,0.0011657784957327944
V02,high,no,no,no,no,no,yes,high,no,0,0,0.0005419466724474313
V08,low,no,no,no,no,no,no,normal,no,0,0,0.0011657784957327944
V12,low,no,no,no,no,yes,no,low,no,0,0,0.08600537288108967
V06,low,yes,no,no,no,no,no,low,no,0,0,0.12581203984408837
V05,low,no,no,no,no,no,no,normal,no,0,0,0.0011657784957327944
V01,low,no,no,no,no,no,no,high,no,0,0,0.0011504356143843227
V04,low,no,no,no,no,no,no,high,no,0,0,0.0011504356143843227
V05,low,no,no,no,yes,no,no,normal,no,0,0,0.016753953322825036
V06,low,no,no,no,no,no,no,high,no,0,0,0.0011504356143843227
V05,high,yes,no,no,no,no,no,low,no,0,0,0.3342922899884926
V10,high,no,no,no,no,no,no,high,no,0,0,3.741338800676435e-05
V01,low,no,no,no,no,no,no,low,no,0,0,0.011570496738585049
V10,low,no,yes,no,no,no,no,normal,no,0,0,0.020373043188631066
V10,low,no,no,no,no,no,no,normal,no,0,0,0.0011657784957327944
V12,high,yes,no,no,no,no,no,normal,no,0,0,0.16714822305691995
V15,low,no,no,no,no,no,no,low,no,0,0,0.011570496738585049
V14,low,no,no,no,yes,no,no,normal,no,0,0,0.016753953322825036
V01,outlier,no,no,no,no,no,no,normal,no,0,0,0.0364371091508544
V02,low,no,no,no,no,no,no,normal,no,0,0,0.0011657784957327944
V01,low,no,no,no,no,no,no,normal,no,0,0,0.0011657784957327944
V03,low,no,no,no,no,no,no,normal,no,0,0,0.0011657784957327944
V06,low,no,yes,no,no,no,no,normal,no,0,0,0.020373043188631066
V11,low,no,no,no,yes,no,no,normal,no,0,0,0.016753953322825036
V01,low,no,yes,no,no,no,no,high,no,0,0,0.00925247635124375
V05,low,no,no,no,no,no,no,normal,no,0,0,0.0011657784957327944
V10,low,no,no,no,no,no,no,low,no,0,0,0.011570496738585049
V04,low,no,no,no,no,yes,no,low,no,0,0,0.08600537288108967
V02,low,no,no,no,yes,no,no,normal,no,0,0,0.016753953322825036
V05,low,no,no,no,no,no,no,normal,no,0,0,0.0011657784957327944
V12,low,no,no,no,no,no,no,normal,no,0,0,0.0011657784957327944
V03,low,no,no,no,yes,no,no,high,no,0,0,6.289466401670483e-05
V05,outlier,yes,no,no,yes,yes,yes,low,yes,1,1,0.5
V20,low,no,no,no,no,no,no,normal,no,0,0,0.0011657784957327944
V01,low,no,no,no,no,yes,no,normal,no,0,0,0.01856838253766821
V06,low,no,no,no,no,no,no,normal,no,0,0,0.0011657784957327944
V13,outlier,no,no,no,no,no,no,high,no,0,0,0.019127128450983633
V02,low,no,yes,no,no,no,no,normal,no,0,0,0.020373043188631066
V04,low,no,no,no,no,no,no,high,no,0,0,0.0011504356143843227
V11,low,no,no,no,no,no,no,normal,no,0,0,0.0011657784957327944
V03,low,no,no,no,no,no,no,normal,no,0,0,0.0011657784957327944
V08,low,yes,yes,no,no,no,no,high,no,0,0,0.0009626492106276474
V02,low,no,no,no,no,no,no,normal,no,0,0,0.0011657784957327944
V05,low,no,no,no,no,no,no,normal,no,0,0,0.0011657784957327944
V08,low,no,no,no,no,no,no,normal,no,0,0,0.0011657784957327944
V01,low,no,no,no,no,no,no,normal,no,0,0,0.0011657784957327944
V08,low,no,no,yes,yes,yes,no,normal,no,0,0,0.05303998539346357
V05,low,no,no,no,no,no,no,normal,no,0,0,0.0011657784957327944
V07,low,no,no,no,no,no,no,normal,no,0,0,0.0011657784957327944
V10,high,no,no,no,no,no,no,low,no,0,0,0.08855878828842667
V01,low,yes,yes,no,no,no,no,normal,no,0,0,0.04199797600115657
V12,low,no,no,no,no,no,no,normal,no,0,0,0.0011657784957327944
V09,low,no,no,no,no,no,no,normal,no,0,0,0.0011657784957327944
V05,low,no,no,no,no,no,no,high,no,0,0,0.0011504356143843227
V10,low,no,no,no,no,no,no,high,no,0,0,0.0011504356143843227
V10,low,no,yes,yes,no,no,no,normal,no,0,0,0.05412379194945735
V03,outlier,no,yes,no,no,no,yes,low,yes,1,1,0.9982698961937717
V10,low,no,no,no,no,no,no,high,no,0,0,0.0011504356143843227
V09,low,no,no,no,no,no,no,normal,no,0,0,0.0011657784957327944
V09,high,no,yes,no,no,yes,yes,low,no,0,1,0.5996539792387543
V02,low,no,no,no,yes,yes,no,low,no,0,0,0.16673554572880936
V13,low,no,no,no,no,no,no,normal,no,0,0,0.0011657784957327944
V02,low,no,no,no,no,no,no,high,no,0,0,0.0011504356143843227
V05,low,no,yes,yes,no,no,no,normal,no,0,0,0.05412379194945735
V03,low,no,no,no,no,no,no,normal,no,0,0,0.0011657784957327944
V10,low,no,no,no,no,no,yes,normal,no,0,0,0.011751861446028238
V01,outlier,no,no,yes,no,yes,yes,normal,no,0,1,0.7489196197061366
V09,low,no,no,no,no,no,no,normal,no,0,0,0.0011657784957327944
V08,low,no,no,no,no,no,no,high,no,0,0,0.0011504356143843227
V07,low,no,no,no,no,no,no,high,no,0,0,0.0011504356143843227
V01,low,no,no,no,no,no,no,low,no,0,0,0.011570496738585049
V08,low,no,no,no,no,yes,no,high,no,0,0,8.679048776254124e-05
V06,outlier,no,no,no,no,yes,no,normal,no,0,0,0.22870599900842833
V09,low,no,no,yes,no,no,no,high,no,0,0,0.00010456313522104649
V13,low,no,no,no,no,no,yes,normal,no,0,0,0.011751861446028238
V11,low,no,no,no,no,no,no,normal,no,0,0,0.0011657784957327944
V15,high,no,no,yes,no,no,no,high,no,0,0,0.15430781541744465
V09,low,no,no,no,no,no,no,normal,no,0,0,0.0011657784957327944
V08,low,no,no,no,no,no,no,low,no,0,0,0.011570496738585049
V07,high,no,no,no,no,no,no,low,no,0,0,0.08855878828842667
V08,low,no,no,no,no,no,no,normal,no,0,0,0.0011657784957327944
V01,low,no,no,no,no,no,no,normal,no,0,0,0.0011657784957327944
V05,low,no,no,no,no,no,no,normal,no,0,0,0.0011657784957327944
V04,outlier,no,no,no,yes,no,no,low,yes,1,1,0.5
V14,outlier,no,no,no,no,no,no,normal,no,0,0,0.0364371091508544
V20,low,no,no,no,no,no,no,normal,no,0,0,0.0011657784957327944
V06,high,no,no,no,no,no,no,normal,no,0,0,0.012847827346594936
V03,low,no,no,no,no,no,no,normal,no,0,0,0.0011657784957327944
V02,low,no,no,no,no,no,no,normal,no,0,0,0.0011657784957327944
V10,low,no,no,no,no,no,no,normal,no,0,0,0.0011657784957327944
V10,low,no,no,no,yes,yes,no,normal,no,0,0,0.03035244608101
V01,high,no,no,no,no,no,no,normal,no,0,0,0.012847827346594936
V04,low,no,no,no,no,no,no,normal,no,0,0,0.0011657784957327944
V06,low,no,no,no,no,no,no,normal,no,0,0,0.0011657784957327944
V17,low,no,no,no,no,no,no,high,no,0,0,0.0011504356143843227
V10,low,no,no,no,no,no,no,normal,no,0,0,0.0011657784957327944
V16,low,no,no,no,no,no,no,high,no,0,0,0.0011504356143843227
V04,low,no,no,no,no,no,no,normal,no,0,0,0.0011657784957327944
V07,low,no,yes,yes,no,no,no,normal,no,0,0,0.05412379194945735
V05,low,no,no,no,no,no,no,high,no,0,0,0.0011504356143843227
V03,high,no,no,no,no,no,no,high,no,0,0,3.741338800676435e-05
V16,low,no,no,no,no,no,no,low,no,0,0,0.011570496738585049
V03,low,no,no,no,no,no,no,high,no,0,0,0.0011504356143843227
V06,high,no,no,no,no,no,no,normal,no,0,0,0.012847827346594936
V06,low,no,no,no,no,no,yes,normal,no,0,0,0.011751861446028238
V17,low,no,no,no,no,yes,yes,normal,no,0,0,0.09219841958616909
V03,low,no,yes,no,no,no,no,normal,no,0,0,0.020373043188631066
V01,low,no,yes,yes,no,no,no,high,no,0,0,0.0252060737527115
V01,low,no,no,no,no,no,no,normal,no,0,0,0.0011657784957327944
V20,low,no,no,no,no,no,no,normal,no,0,0,0.0011657784957327944
V10,high,no,no,no,no,yes,no,high,no,0,0,0.14329947981174138
V02,low,no,no,no,no,no,no,normal,no,0,0,0.0011657784957327944
V10,low,no,no,no,no,no,no,normal,no,0,0,0.0011657784957327944
V02,low,no,no,yes,yes,yes,no,normal,no,0,0,0.05303998539346357
V01,low,no,yes,no,no,no,no,normal,no,0,0,0.020373043188631066
V01,outlier,no,no,no,no,no,no,high,no,0,0,0.019127128450983633
V09,low,no,yes,no,no,no,no,normal,no,0,0,0.020373043188631066
V04,low,no,no,no,no,no,no,high,no,0,0,0.0011504356143843227
V12,low,no,no,no,no,yes,no,normal,no,0,0,0.01856838253766821
V17,low,no,no,no,no,no,no,normal,no,0,0,0.0011657784957327944
V05,low,no,no,no,no,no,no,normal,no,0,0,0.0011657784957327944
V06,low,no,no,no,no,no,no,low,no,0,0,0.011570496738585049
V11,low,no,no,no,no,yes,no,low,no,0,0,0.08600537288108967
V05,low,no,no,no,no,no,no,high,no,0,0,0.0011504356143843227
V07,low,no,yes,no,no,no,no,low,no,0,0,0.08965856691363142
V12,low,no,no,no,yes,no,no,normal,no,0,0,0.016753953322825036
V02,low,no,yes,no,no,no,yes,normal,no,0,0,0.0005100999795960009
V03,high,yes,no,no,no,no,no,normal,no,0,0,0.16714822305691995
V01,low,no,no,no,yes,yes,no,normal,no,0,0,0.03035244608101
V06,low,no,no,no,no,no,no,normal,no,0,0,0.0011657784957327944
V02,low,no,no,no,no,no,no,normal,no,0,0,0.0011657784957327944
V01,outlier,no,no,no,no,yes,no,normal,no,0,0,0.22870599900842833
V14,low,no,no,no,no,no,no,normal,no,0,0,0.0011657784957327944
V01,low,no,no,yes,yes,yes,no,low,yes,1,1,0.6920512136569752
V08,low,no,no,no,no,no,no,normal,no,0,0,0.0011657784957327944
V01,low,no,no,yes,no,no,yes,normal,no,0,0,0.20034682080924854
V07,low,no,no,no,no,no,no,normal,no,0,0,0.0011657784957327944
V07,low,no,no,no,no,no,no,normal,no,0,0,0.0011657784957327944
V02,low,no,no,no,no,no,no,normal,no,0,0,0.0011657784957327944
V05,low,no,no,no,no,no,no,normal,no,0,0,0.0011657784957327944
V04,low,no,no,no,no,no,no,normal,no,0,0,0.0011657784957327944
V10,low,no,no,no,no,yes,no,high,no,0,0,8.679048776254124e-05
V02,high,no,no,no,no,no,no,normal,no,0,0,0.012847827346594936
V02,low,no,no,no,no,no,no,normal,no,0,0,0.0011657784957327944
V05,outlier,no,yes,no,no,no,no,normal,no,0,0,0.13347473968376397
V01,low,no,no,no,no,no,no,high,no,0,0,0.0011504356143843227
V10,high,no,no,no,no,no,no,normal,yes,1,0,0.012847827346594936
V05,high,no,no,no,no,no,no,normal,no,0,0,0.012847827346594936
V11,low,no,no,no,no,no,no,normal,no,0,0,0.0011657784957327944
V13,low,no,no,no,no,no,no,normal,no,0,0,0.0011657784957327944
V08,low,no,no,no,no,no,no,low,no,0,0,0.011570496738585049
V06,low,no,no,no,no,no,no,normal,no,0,0,0.0011657784957327944
V01,low,no,no,no,no,no,no,normal,no,0,0,0.0011657784957327944
V12,low,no,no,no,no,no,no,normal,no,0,0,0.0011657784957327944
V13,low,no,no,no,yes,yes,yes,normal,no,0,0,0.2060324589159947
V09,low,no,no,no,no,yes,no,high,no,0,0,8.679048776254124e-05
V01,low,no,no,no,no,no,no,normal,no,0,0,0.0011657784957327944
V07,low,no,no,no,no,no,no,normal,no,0,0,0.0011657784957327944
V10,low,no,no,no,yes,no,no,high,no,0,0,6.289466401670483e-05
V09,low,no,no,no,no,no,no,normal,no,0,0,0.0011657784957327944
V01,low,no,no,no,no,no,no,normal,no,0,0,0.0011657784957327944
V04,outlier,no,no,no,no,no,no,normal,no,0,0,0.0364371091508544
V03,low,no,no,no,no,yes,no,normal,no,0,0,0.01856838253766821
V09,low,no,no,yes,no,no,no,normal,no,0,0,0.02123730864327424
V03,low,no,no,no,no,no,no,normal,no,0,0,0.0011657784957327944
V06,low,no,no,no,no,no,no,normal,no,0,0,0.0011657784957327944
V05,low,no,no,no,no,yes,yes,normal,no,0,0,0.09219841958616909
V12,low,no,no,no,no,no,no,high,no,0,0,0.0011504356143843227
V07,low,no,no,no,no,no,no,low,no,0,0,0.011570496738585049
V01,low,no,no,no,yes,yes,no,normal,no,0,0,0.03035244608101
V01,low,no,yes,yes,no,no,no,normal,no,0,0,0.05412379194945735
V18,low,no,no,no,no,no,no,normal,no,0,0,0.0011657784957327944
V17,low,no,no,no,no,no,no,high,no,0,0,0.0011504356143843227
V02,low,no,no,no,no,no,no,normal,no,0,0,0.0011657784957327944
V04,low,no,no,no,no,yes,no,normal,no,0,0,0.01856838253766821
V11,high,no,no,no,no,no,no,normal,no,0,0,0.012847827346594936
V02,low,yes,no,no,no,yes,no,high,no,0,0,0.008532423208191127
V18,low,no,no,no,no,no,no,normal,no,0,0,0.0011657784957327944
V08,low,no,yes,no,no,yes,no,high,no,0,0,0.0009626492106276474
V15,high,no,no,no,no,no,no,high,no,0,0,3.741338800676435e-05
V09,low,no,yes,yes,no,no,no,normal,no,0,0,0.05412379194945735
V05,low,no,no,no,no,no,no,high,no,0,0,0.0011504356143843227
V19,low,no,yes,no,no,no,no,normal,no,0,0,0.020373043188631066
V14,high,no,no,no,no,no,no,normal,no,0,0,0.012847827346594936
V10,low,no,no,no,no,no,no,normal,no,0,0,0.0011657784957327944
V06,low,yes,no,yes,no,yes,yes,normal,yes,1,1,0.9956970740103269
V04,outlier,no,no,no,no,no,no,normal,no,0,0,0.0364371091508544
V11,low,no,no,no,no,no,no,high,no,0,0,0.0011504356143843227
V07,low,no,no,no,no,no,no,normal,no,0,0,0.0011657784957327944
V07,low,no,no,no,no,no,no,normal,no,0,0,0.0011657784957327944
V05,high,no,no,no,no,no,no,high,no,0,0,3.741338800676435e-05
V04,low,no,yes,no,no,no,no,normal,no,0,0,0.020373043188631066
V03,low,no,no,no,no,no,no,normal,no,0,0,0.0011657784957327944
V11,low,no,no,yes,no,no,no,normal,no,0,0,0.02123730864327424
V11,low,no,no,no,no,no,no,normal,no,0,0,0.0011657784957327944
V04,low,no,no,no,no,no,yes,normal,no,0,0,0.011751861446028238
V11,low,no,no,no,yes,no,no,normal,no,0,0,0.016753953322825036
V11,low,no,no,no,no,no,no,normal,no,0,0,0.0011657784957327944
V01,low,no,no,no,no,no,no,low,no,0,0,0.011570496738585049
V05,low,no,no,no,no,no,no,normal,no,0,0,0.0011657784957327944
V07,low,no,no,no,no,no,no,high,no,0,0,0.0011504356143843227
V01,high,no,no,no,no,no,no,normal,no,0,0,0.012847827346594936
V15,low,no,no,no,no,no,no,normal,no,0,0,0.0011657784957327944
V04,low,no,no,yes,no,no,no,normal,no,0,0,0.02123730864327424
V08,high,no,no,yes,no,no,no,normal,no,0,0,0.031504175252141844
V06,low,no,no,no,no,no,no,high,no,0,0,0.0011504356143843227
V06,low,no,no,no,no,no,no,high,no,0,0,0.0011504356143843227
V05,low,no,no,no,yes,yes,no,low,yes,1,0,0.16673554572880936
V05,low,no,yes,yes,no,no,no,normal,no,0,0,0.05412379194945735
V12,low,no,no,no,no,no,no,normal,no,0,0,0.0011657784957327944
V12,low,no,no,no,no,no,no,normal,no,0,0,0.0011657784957327944
V12,outlier,no,no,no,no,no,no,normal,no,0,0,0.0364371091508544
V14,low,no,no,no,no,no,no,normal,no,0,0,0.0011657784957327944
V01,low,no,no,no,no,yes,no,normal,no,0,0,0.01856838253766821
V01,low,no,no,no,no,no,no,normal,no,0,0,0.0011657784957327944
V10,outlier,no,no,no,no,no,no,high,no,0,0,0.019127128450983633
V15,outlier,no,no,no,no,yes,no,normal,no,0,0,0.22870599900842833
V08,low,no,no,no,no,no,no,normal,no,0,0,0.0011657784957327944
V03,low,no,no,no,no,no,no,normal,no,0,0,0.0011657784957327944
V01,low,yes,no,no,no,no,no,low,no,0,0,0.12581203984408837
V03,low,no,no,no,no,no,no,normal,no,0,0,0.0011657784957327944
V06,outlier,no,no,no,no,yes,no,normal,no,0,0,0.22870599900842833
V04,low,no,no,no,no,no,no,high,no,0,0,0.0011504356143843227
V08,low,no,no,no,no,no,no,normal,no,0,0,0.0011657784957327944
V05,low,no,no,no,yes,no,no,normal,no,0,0,0.016753953322825036
V09,low,no,no,no,no,no,no,normal,no,0,0,0.0011657784957327944
V09,high,no,yes,no,no,no,yes,normal,no,0,0,0.42874814448292925
V12,low,no,no,no,no,no,no,normal,no,0,0,0.0011657784957327944
V15,low,no,no,no,no,yes,no,normal,no,0,0,0.01856838253766821
V07,low,no,yes,yes,no,yes,yes,normal,no,0,1,0.5
V01,low,no,no,no,no,no,no,normal,no,0,0,0.0011657784957327944
V14,low,no,no,no,no,no,no,normal,no,0,0,0.0011657784957327944
V17,low,no,no,no,no,no,no,low,no,0,0,0.011570496738585049
V01,low,no,no,no,no,no,yes,normal,no,0,0,0.011751861446028238
V06,low,no,no,no,no,no,no,normal,no,0,0,0.0011657784957327944
V14,low,no,no,no,no,no,no,normal,no,0,0,0.0011657784957327944
V10,low,no,no,no,no,no,no,normal,no,0,0,0.0011657784957327944
V05,low,no,no,no,no,no,no,normal,no,0,0,0.0011657784957327944
V06,high,no,yes,no,no,no,no,normal,no,0,0,0.015279019618155998
V12,low,no,no,no,no,no,no,normal,no,0,0,0.0011657784957327944
V01,low,no,no,no,no,no,no,normal,no,0,0,0.0011657784957327944
V03,low,no,no,no,no,no,no,normal,no,0,0,0.0011657784957327944
V10,low,no,no,no,no,no,no,normal,no,0,0,0.0011657784957327944
V09,low,no,no,no,no,no,no,normal,no,0,0,0.0011657784957327944
V05,outlier,no,no,no,no,no,no,normal,no,0,0,0.0364371091508544
V02,low,no,no,no,no,no,no,normal,no,0,0,0.0011657784957327944
V16,outlier,no,no,no,no,no,no,normal,no,0,0,0.0364371091508544
V04,low,no,no,yes,no,no,no,normal,no,0,0,0.02123730864327424
V18,high,no,no,no,no,no,no,normal,no,0,0,0.012847827346594936
V01,low,no,no,no,no,no,no,normal,no,0,0,0.0011657784957327944
V06,low,no,no,no,no,yes,no,low,no,0,0,0.08600537288108967
V06,low,no,yes,no,yes,yes,yes,normal,yes,1,1,0.6657077100115075
V04,low,no,no,no,no,no,no,normal,no,0,0,0.0011657784957327944
V05,outlier,no,no,no,no,no,no,normal,no,0,0,0.0364371091508544
V07,low,no,no,no,no,no,no,high,no,0,0,0.0011504356143843227
V05,low,no,no,no,no,no,no,normal,no,0,0,0.0011657784957327944
V12,low,no,no,no,no,no,no,normal,no,0,0,0.0011657784957327944
V02,low,no,no,no,no,no,no,normal,no,0,0,0.0011657784957327944
V01,low,no,no,no,no,no,no,high,no,0,0,0.0011504356143843227
V10,low,no,no,no,yes,no,no,high,no,0,0,6.289466401670483e-05
V04,low,no,yes,no,yes,no,no,normal,no,0,0,0.11136100758257292
V01,outlier,no,no,yes,yes,yes,no,normal,no,0,0,0.001730103806228374
V05,low,no,no,no,no,no,no,normal,no,0,0,0.0011657784957327944
V01,low,no,no,no,no,no,no,high,no,0,0,0.0011504356143843227
V01,high,no,no,no,no,no,no,normal,no,0,0,0.012847827346594936
V06,low,no,no,no,no,no,no,normal,no,0,0,0.0011657784957327944
V15,high,no,no,no,no,no,no,low,no,0,0,0.08855878828842667
V10,low,no,no,no,no,no,no,high,no,0,0,0.0011504356143843227
V11,low,no,no,no,yes,no,no,low,no,0,0,0.14481797834924404
V02,low,no,no,no,no,no,no,normal,no,0,0,0.0011657784957327944
V08,low,no,no,no,no,no,no,normal,no,0,0,0.0011657784957327944
V04,low,no,no,no,no,no,no,normal,no,0,0,0.0011657784957327944
V06,low,no,no,no,no,no,no,normal,no,0,0,0.0011657784957327944
V07,low,no,no,no,no,no,no,low,no,0,0,0.011570496738585049
V06,low,no,yes,yes,yes,yes,yes,normal,yes,1,1,0.6657077100115075
V02,low,no,no,no,no,no,no,normal,no,0,0,0.0011657784957327944
V08,outlier,no,no,no,no,no,no,high,no,0,0,0.019127128450983633
V08,low,no,no,no,no,no,no,normal,no,0,0,0.0011657784957327944
V12,low,no,no,yes,no,no,no,high,no,0,0,0.00010456313522104649
V01,low,no,yes,yes,no,no,no,normal,no,0,0,0.05412379194945735
V04,low,no,no,no,no,no,no,normal,no,0,0,0.0011657784957327944
V10,low,no,no,no,no,no,no,normal,no,0,0,0.0011657784957327944
V02,low,no,no,no,no,no,no,normal,no,0,0,0.0011657784957327944
V08,low,no,no,no,no,no,no,high,no,0,0,0.0011504356143843227
V13,low,no,no,no,yes,no,no,high,no,0,0,6.289466401670483e-05
V02,low,no,no,no,no,no,no,low,no,0,0,0.011570496738585049
V06,low,no,yes,no,no,no,no,normal,no,0,0,0.020373043188631066
V04,low,yes,yes,yes,no,no,no,normal,no,0,0,0.08393527882114996
V15,outlier,no,no,no,yes,yes,no,low,yes,1,1,0.5453829183737787
V02,high,no,no,no,no,no,no,normal,no,0,0,0.012847827346594936
V04,low,no,no,no,no,no,no,normal,no,0,0,0.0011657784957327944
V11,low,no,no,no,no,no,no,normal,no,0,0,0.0011657784957327944
V06,low,no,no,no,no,no,no,normal,no,0,0,0.0011657784957327944
V01,low,no,no,no,no,no,no,normal,no,0,0,0.0011657784957327944
V10,low,no,no,yes,no,yes,no,normal,yes,1,0,0.023626710230753523
V01,low,no,no,yes,yes,yes,no,normal,no,0,0,0.05303998539346357
V05,high,no,no,no,no,no,no,normal,no,0,0,0.012847827346594936
V02,low,no,no,no,yes,no,no,normal,no,0,0,0.016753953322825036
V04,low,no,no,no,no,no,no,normal,no,0,0,0.0011657784957327944
V03,low,no,no,no,no,no,no,normal,no,0,0,0.0011657784957327944
V01,low,no,no,no,no,no,no,normal,no,0,0,0.0011657784957327944
V10,low,no,no,no,no,no,no,normal,no,0,0,0.0011657784957327944
V08,low,no,no,no,no,no,no,normal,no,0,0,0.0011657784957327944
V09,low,no,no,no,no,no,no,high,no,0,0,0.0011504356143843227
V01,low,no,no,no,no,no,no,normal,no,0,0,0.0011657784957327944
V07,low,no,no,no,no,no,no,normal,no,0,0,0.0011657784957327944
V07,low,no,no,no,no,no,no,normal,no,0,0,0.0011657784957327944
V10,high,no,no,no,no,no,no,normal,no,0,0,0.012847827346594936
V07,low,no,no,no,no,no,no,normal,no,0,0,0.0011657784957327944
V10,low,no,no,no,no,no,no,normal,no,0,0,0.0011657784957327944
V05,outlier,no,yes,no,no,no,no,low,yes,1,1,0.5998266897746967
V01,low,no,no,no,no,no,no,normal,no,0,0,0.0011657784957327944
V04,low,no,no,no,no,no,no,high,no,0,0,0.0011504356143843227
V13,low,no,no,no,no,no,no,high,no,0,0,0.0011504356143843227
V12,low,no,no,no,no,no,no,normal,no,0,0,0.0011657784957327944
V12,outlier,no,no,no,no,no,no,low,yes,1,0,0.17469282054107665
V12,low,no,yes,no,no,no,no,normal,no,0,0,0.020373043188631066
V11,low,no,no,no,no,no,no,normal,no,0,0,0.0011657784957327944
V08,low,no,no,no,no,no,no,normal,no,0,0,0.0011657784957327944
V05,low,no,no,no,no,no,no,low,no,0,0,0.011570496738585049
V17,low,no,no,no,no,no,no,normal,no,0,0,0.0011657784957327944
V12,low,no,no,no,no,no,no,normal,no,0,0,0.0011657784957327944
V05,low,no,no,no,no,no,no,high,no,0,0,0.0011504356143843227
V19,low,no,no,no,yes,yes,no,normal,no,0,0,0.03035244608101
V13,low,no,yes,yes,no,no,no,normal,no,0,0,0.05412379194945735
V02,low,no,no,no,no,no,no,normal,no,0,0,0.0011657784957327944
V01,low,no,no,no,no,no,no,normal,no,0,0,0.0011657784957327944
V02,low,no,no,no,no,yes,no,normal,no,0,0,0.01856838253766821
V20,low,no,no,no,no,no,no,high,no,0,0,0.0011504356143843227
V05,low,no,no,no,no,no,no,high,no,0,0,0.0011504356143843227
V03,low,no,no,no,no,no,no,normal,no,0,0,0.0011657784957327944
V14,low,no,no,no,no,no,yes,high,no,0,0,0.016806479606595315
V04,low,no,no,no,no,no,no,normal,no,0,0,0.0011657784957327944
V11,low,no,no,no,no,no,no,high,no,0,0,0.0011504356143843227
V15,low,no,no,no,no,no,no,low,no,0,0,0.011570496738585049
V13,low,no,no,no,no,no,no,normal,no,0,0,0.0011657784957327944
V01,low,no,no,no,no,no,no,high,no,0,0,0.0011504356143843227
V08,low,no,no,no,no,no,yes,normal,no,0,0,0.011751861446028238
V11,low,no,no,no,no,no,no,normal,no,0,0,0.0011657784957327944
V10,low,no,no,no,no,no,no,normal,no,0,0,0.0011657784957327944
V10,low,yes,yes,no,no,no,no,normal,no,0,0,0.04199797600115657
V07,low,no,no,no,no,no,no,normal,no,0,0,0.0011657784957327944
V14,low,no,no,no,no,no,no,normal,no,0,0,0.0011657784957327944
V01,low,no,no,no,no,no,no,normal,no,0,0,0.0011657784957327944
V10,low,no,no,no,no,no,no,low,no,0,0,0.011570496738585049
V05,low,yes,no,no,no,no,no,normal,no,0,0,0.026423971132325398
V08,low,no,no,no,yes,no,no,normal,no,0,0,0.016753953322825036
V20,low,no,no,no,no,no,no,normal,no,0,0,0.0011657784957327944
V02,low,no,no,no,no,no,no,normal,no,0,0,0.0011657784957327944
V03,outlier,no,no,no,no,no,no,low,no,0,0,0.17469282054107665
V05,low,no,no,no,no,yes,no,normal,no,0,0,0.01856838253766821
V02,low,no,no,no,no,no,no,normal,no,0,0,0.0011657784957327944
V02,low,no,no,no,no,yes,no,normal,no,0,0,0.01856838253766821
V03,low,no,no,no,no,no,no,normal,no,0,0,0.0011657784957327944
V04,high,no,no,no,no,no,no,high,no,0,0,3.741338800676435e-05
V02,low,no,no,yes,no,no,no,normal,no,0,0,0.02123730864327424
V18,low,no,no,yes,no,yes,yes,low,yes,1,1,0.6152307281941851
V02,low,no,yes,no,no,no,no,normal,no,0,0,0.020373043188631066
V08,low,no,no,no,no,no,no,normal,no,0,0,0.0011657784957327944
V05,low,no,no,no,no,no,no,normal,no,0,0,0.0011657784957327944
V03,low,no,no,no,no,no,no,normal,no,0,0,0.0011657784957327944
V03,low,no,no,no,no,no,no,high,no,0,0,0.0011504356143843227
V07,low,no,no,no,no,no,no,normal,no,0,0,0.0011657784957327944
V08,low,no,no,no,no,no,no,normal,no,0,0,0.0011657784957327944
V03,low,no,no,no,no,no,no,normal,no,0,0,0.0011657784957327944
V11,low,no,no,no,no,yes,no,low,no,0,0,0.08600537288108967
V02,low,no,no,yes,no,no,no,normal,no,0,0,0.02123730864327424
V08,outlier,no,no,no,no,no,yes,high,no,0,0,0.001730103806228374
V20,low,no,no,no,no,yes,no,normal,no,0,0,0.01856838253766821
V11,low,no,no,yes,no,no,no,normal,no,0,0,0.02123730864327424
V01,outlier,no,no,no,no,yes,yes,low,no,0,1,0.5712518555170708
V06,low,no,no,yes,no,no,no,normal,no,0,0,0.02123730864327424
V09,low,no,no,no,no,no,no,normal,no,0,0,0.0011657784957327944
V06,low,no,no,no,no,no,no,normal,no,0,0,0.0011657784957327944
V05,high,no,no,no,no,no,no,normal,no,0,0,0.012847827346594936
V02,low,no,no,no,no,no,no,normal,no,0,0,0.0011657784957327944
V04,low,no,no,no,no,no,no,normal,no,0,0,0.0011657784957327944
V10,outlier,yes,no,yes,yes,yes,no,normal,yes,1,1,0.9914675767918089
V11,low,no,no,no,no,no,no,normal,no,0,0,0.0011657784957327944
V19,low,no,no,no,no,no,no,low,no,0,0,0.011570496738585049
V03,low,no,no,no,no,yes,yes,low,no,0,0,0.1945917285259809
V14,low,no,no,no,no,no,no,normal,no,0,0,0.0011657784957327944
V02,low,no,yes,no,no,no,no,high,no,0,0,0.00925247635124375
V07,low,no,yes,no,no,no,no,high,no,0,0,0.00925247635124375
V15,low,no,no,no,yes,yes,no,normal,no,0,0,0.03035244608101
V15,low,no,yes,yes,no,no,no,normal,no,0,0,0.05412379194945735
V01,low,no,no,no,no,no,no,normal,no,0,0,0.0011657784957327944
V09,low,no,no,yes,no,no,no,normal,no,0,0,0.02123730864327424
V04,low,no,no,no,no,yes,no,normal,no,0,0,0.01856838253766821
V04,low,no,no,no,yes,no,no,normal,no,0,0,0.016753953322825036
V05,low,no,no,no,no,no,no,normal,no,0,0,0.0011657784957327944
V10,low,no,no,no,no,no,no,normal,no,0,0,0.0011657784957327944
V10,low,no,no,no,no,no,no,normal,no,0,0,0.0011657784957327944
V07,low,no,no,no,no,no,no,normal,no,0,0,0.0011657784957327944
V09,low,no,no,no,no,yes,no,low,no,0,0,0.08600537288108967
V02,low,no,no,no,no,no,no,high,no,0,0,0.0011504356143843227
V04,low,no,no,no,no,no,no,normal,no,0,0,0.0011657784957327944
V03,low,no,no,no,no,no,no,normal,no,0,0,0.0011657784957327944
V03,high,no,no,no,yes,no,no,normal,no,0,0,0.03137712209144655
V08,low,no,no,no,yes,no,no,high,no,0,0,6.289466401670483e-05
V04,low,no,no,no,no,no,no,normal,no,0,0,0.0011657784957327944
V04,outlier,no,no,no,no,no,no,high,no,0,0,0.019127128450983633
V09,high,no,no,no,no,no,no,normal,no,0,0,0.012847827346594936
V11,low,no,no,no,no,no,no,normal,no,0,0,0.0011657784957327944
V05,low,no,no,no,no,no,no,normal,no,0,0,0.0011657784957327944
V18,low,no,no,no,no,no,yes,high,no,0,0,0.016806479606595315
V05,low,no,no,no,no,no,no,normal,no,0,0,0.0011657784957327944
V04,low,no,no,no,no,no,no,normal,no,0,0,0.0011657784957327944
V01,low,no,no,no,no,no,no,high,no,0,0,0.0011504356143843227
V13,low,no,no,no,yes,no,no,low,no,0,0,0.14481797834924404
V11,low,no,no,no,yes,no,no,high,no,0,0,6.289466401670483e-05
V02,low,no,no,no,no,no,no,normal,no,0,0,0.0011657784957327944
V12,low,no,no,no,no,yes,no,low,no,0,0,0.08600537288108967
V14,outlier,no,no,no,no,no,no,normal,no,0,0,0.0364371091508544
V09,low,no,no,no,no,yes,no,low,no,0,0,0.08600537288108967
V18,high,no,no,yes,no,no,no,high,no,0,0,0.15430781541744465
V01,low,no,no,no,no,no,no,high,no,0,0,0.0011504356143843227
V12,low,no,no,no,no,no,no,normal,no,0,0,0.0011657784957327944
V04,low,no,no,no,no,no,yes,normal,no,0,0,0.011751861446028238
V12,low,no,no,no,no,no,no,normal,no,0,0,0.0011657784957327944
V09,low,no,no,no,no,no,no,normal,no,0,0,0.0011657784957327944
V08,high,no,no,no,no,no,no,normal,yes,1,0,0.012847827346594936
V11,outlier,no,no,no,no,no,no,high,no,0,0,0.019127128450983633
V03,low,no,yes,yes,no,no,no,high,no,0,0,0.0252060737527115
V16,low,no,no,no,no,no,no,normal,no,0,0,0.0011657784957327944
V09,low,no,no,no,no,no,no,low,no,0,0,0.011570496738585049
V16,low,no,no,no,no,no,no,normal,no,0,0,0.0011657784957327944
V17,high,no,no,no,no,no,no,normal,no,0,0,0.012847827346594936
V18,low,no,yes,no,no,no,no,normal,no,0,0,0.020373043188631066
V02,low,no,no,yes,no,yes,no,normal,no,0,0,0.023626710230753523
V01,low,no,yes,no,no,no,no,high,no,0,0,0.00925247635124375
V10,low,no,yes,no,no,no,no,normal,no,0,0,0.020373043188631066
V04,high,no,no,no,no,no,no,low,no,0,0,0.08855878828842667
V09,low,no,no,no,no,no,yes,normal,no,0,0,0.011751861446028238
V05,low,no,no,no,no,no,no,normal,no,0,0,0.0011657784957327944
V12,high,no,no,no,no,no,no,normal,no,0,0,0.012847827346594936
V01,low,no,no,no,no,no,no,normal,no,0,0,0.0011657784957327944
V07,high,no,no,no,no,no,no,normal,no,0,0,0.012847827346594936
V16,low,no,no,no,no,no,no,high,no,0,0,0.0011504356143843227
V05,low,no,no,yes,no,no,no,normal,no,0,0,0.02123730864327424
V07,low,no,no,no,no,no,yes,normal,no,0,0,0.011751861446028238
V03,low,no,yes,no,no,no,no,high,no,0,0,0.00925247635124375
V01,low,no,no,no,no,no,no,low,no,0,0,0.011570496738585049
V07,low,no,no,no,no,no,no,normal,no,0,0,0.0011657784957327944
V06,low,no,no,no,yes,yes,yes,normal,yes,1,0,0.2060324589159947
V07,low,no,no,no,no,no,no,high,no,0,0,0.0011504356143843227
V04,low,no,no,no,no,no,no,normal,no,0,0,0.0011657784957327944
V04,low,no,no,no,no,no,no,low,no,0,0,0.011570496738585049
V02,low,no,yes,yes,no,yes,no,low,yes,1,0,0.46158975726860496
V02,low,no,no,no,no,no,no,normal,no,0,0,0.0011657784957327944
V02,low,no,no,no,yes,no,no,high,no,0,0,6.289466401670483e-05
V04,low,no,no,no,no,no,no,normal,no,0,0,0.0011657784957327944
V01,low,no,no,no,no,no,no,normal,no,0,0,0.0011657784957327944
V09,low,no,no,no,no,no,no,normal,no,0,0,0.0011657784957327944
V04,low,no,no,no,no,yes,no,normal,no,0,0,0.01856838253766821
V06,low,no,no,no,no,no,no,normal,no,0,0,0.0011657784957327944
V03,outlier,no,no,no,no,no,no,normal,no,0,0,0.0364371091508544
V03,low,no,no,no,no,no,no,normal,no,0,0,0.0011657784957327944
V18,high,no,no,no,no,no,no,high,no,0,0,3.741338800676435e-05
V15,low,no,no,no,no,yes,no,normal,no,0,0,0.01856838253766821
V12,high,no,no,no,no,yes,no,high,no,0,0,0.14329947981174138
V07,outlier,no,no,no,yes,yes,no,low,yes,1,1,0.5453829183737787
V03,low,yes,no,no,no,no,no,normal,no,0,0,0.026423971132325398
V10,low,no,no,no,no,no,no,normal,no,0,0,0.0011657784957327944
V08,low,no,no,no,no,no,no,normal,no,0,0,0.0011657784957327944
V08,high,no,no,no,no,no,no,normal,no,0,0,0.012847827346594936
V01,low,no,no,no,no,no,no,high,no,0,0,0.0011504356143843227
V04,low,no,no,no,no,no,no,normal,no,0,0,0.0011657784957327944
V11,low,no,no,no,no,no,no,normal,no,0,0,0.0011657784957327944
V05,low,no,no,no,no,no,no,normal,no,0,0,0.0011657784957327944
V20,outlier,no,no,no,no,no,no,normal,no,0,0,0.0364371091508544
V08,low,no,no,no,yes,no,no,high,no,0,0,6.289466401670483e-05
V09,low,no,no,no,no,no,no,high,no,0,0,0.0011504356143843227
V19,low,no,no,no,no,no,no,low,no,0,0,0.011570496738585049
V18,low,no,yes,yes,no,no,no,normal,no,0,0,0.05412379194945735
V08,low,no,no,no,no,no,no,low,no,0,0,0.011570496738585049
V10,low,no,no,no,no,no,no,normal,no,0,0,0.0011657784957327944
V01,low,no,no,yes,yes,yes,no,low,yes,1,1,0.6920512136569752
V01,low,no,no,no,no,no,no,normal,no,0,0,0.0011657784957327944
V02,low,no,no,no,no,no,no,normal,no,0,0,0.0011657784957327944
V18,low,no,no,no,no,no,no,normal,no,0,0,0.0011657784957327944
V09,low,no,no,no,no,no,no,normal,no,0,0,0.0011657784957327944
V13,low,no,no,no,no,yes,no,high,no,0,0,8.679048776254124e-05
V05,low,no,yes,no,no,no,no,high,no,0,0,0.00925247635124375
V04,high,no,no,no,no,no,no,normal,no,0,0,0.012847827346594936
V07,low,no,no,no,no,yes,no,low,no,0,0,0.08600537288108967
V12,low,no,no,no,no,no,no,low,no,0,0,0.011570496738585049
V18,high,no,no,no,no,yes,yes,normal,no,0,0,0.2730854081311062
V01,low,no,yes,yes,no,no,no,low,yes,1,0,0.15430781541744465
V18,low,no,no,no,no,no,no,high,no,0,0,0.0011504356143843227
V03,low,no,no,no,no,no,no,high,no,0,0,0.0011504356143843227
V15,outlier,no,no,no,no,no,no,high,no,0,0,0.019127128450983633
V11,low,no,no,no,no,no,no,normal,no,0,0,0.0011657784957327944
V01,low,no,no,no,no,no,no,normal,no,0,0,0.0011657784957327944
V08,low,no,no,no,no,no,no,normal,no,0,0,0.0011657784957327944
V07,low,no,no,no,no,no,no,normal,no,0,0,0.0011657784957327944
V15,low,no,no,no,no,no,no,normal,no,0,0,0.0011657784957327944
V06,low,no,no,no,no,no,no,low,no,0,0,0.011570496738585049
V11,low,no,no,no,no,no,no,normal,no,0,0,0.0011657784957327944
V13,low,no,no,no,no,no,no,normal,no,0,0,0.0011657784957327944
V07,low,no,yes,no,no,no,no,high,no,0,0,0.00925247635124375
V03,low,no,no,no,no,no,no,normal,no,0,0,0.0011657784957327944
V05,low,no,no,no,no,no,no,normal,no,0,0,0.0011657784957327944
V05,low,no,yes,no,no,no,no,normal,no,0,0,0.020373043188631066
V08,low,no,no,no,no,no,no,high,no,0,0,0.0011504356143843227
V11,low,no,no,no,no,no,no,normal,no,0,0,0.0011657784957327944
V19,low,no,no,no,yes,no,no,normal,no,0,0,0.016753953322825036
V04,low,no,no,no,no,no,no,low,no,0,0,0.011570496738585049
V02,high,no,no,yes,no,yes,no,normal,no,0,0,0.2505413598960589
V03,outlier,no,no,no,no,no,yes,normal,no,0,0,0.22240071970183778
V05,low,no,no,no,no,no,yes,high,no,0,0,0.016806479606595315
V02,low,no,no,no,no,no,no,low,no,0,0,0.011570496738585049
V14,low,no,no,no,yes,no,no,normal,no,0,0,0.016753953322825036
V05,high,no,no,no,no,no,no,high,no,0,0,3.741338800676435e-05
V11,low,no,yes,no,yes,yes,no,high,no,0,0,0.004302925989672978
V05,low,no,no,no,no,no,no,normal,no,0,0,0.0011657784957327944
V03,low,no,no,no,no,no,no,normal,no,0,0,0.0011657784957327944
V16,low,no,no,no,no,no,no,normal,no,0,0,0.0011657784957327944
V01,low,no,no,no,no,no,no,normal,no,0,0,0.0011657784957327944
V06,low,no,no,no,no,no,no,high,no,0,0,0.0011504356143843227
V11,high,no,no,no,no,no,no,high,no,0,0,3.741338800676435e-05
V06,low,no,yes,no,no,yes,no,low,no,0,0,0.17415899834062448
V03,low,no,no,no,yes,no,no,normal,no,0,0,0.016753953322825036
V09,low,no,no,no,no,no,no,normal,no,0,0,0.0011657784957327944
V06,low,no,no,no,no,yes,no,normal,no,0,0,0.01856838253766821
V11,outlier,no,no,yes,no,yes,yes,high,yes,1,1,0.5
V02,low,no,no,no,no,no,no,high,no,0,0,0.0011504356143843227
V02,low,no,no,no,no,yes,yes,high,no,0,0,0.00045645426328281907
V02,high,no,no,no,no,no,no,normal,no,0,0,0.012847827346594936
V11,low,no,no,yes,no,no,no,normal,no,0,0,0.02123730864327424
V04,low,no,no,no,no,yes,yes,normal,no,0,0,0.09219841958616909
V09,low,no,no,no,no,no,no,high,no,0,0,0.0011504356143843227
V04,low,no,no,no,no,no,no,normal,no,0,0,0.0011657784957327944
V07,low,no,no,no,no,no,no,low,no,0,0,0.011570496738585049
V02,low,no,no,no,no,no,no,high,no,0,0,0.0011504356143843227
V18,low,no,no,no,no,no,no,normal,no,0,0,0.0011657784957327944
V08,low,no,no,no,yes,no,no,low,no,0,0,0.14481797834924404
V20,low,no,no,no,no,no,no,normal,no,0,0,0.0011657784957327944
V03,low,no,no,no,no,no,no,normal,no,0,0,0.0011657784957327944
V03,low,no,no,no,no,no,no,normal,no,0,0,0.0011657784957327944
V15,low,no,no,no,no,no,no,normal,no,0,0,0.0011657784957327944
V13,low,no,no,no,no,no,no,high,no,0,0,0.0011504356143843227
V01,low,no,no,no,no,no,no,normal,no,0,0,0.0011657784957327944
V01,low,no,no,no,no,no,no,high,no,0,0,0.0011504356143843227
V06,low,no,yes,no,no,no,no,normal,no,0,0,0.020373043188631066
V03,low,no,no,no,no,no,no,high,no,0,0,0.0011504356143843227
V03,low,no,no,no,no,no,no,high,no,0,0,0.0011504356143843227
V01,low,no,no,no,no,no,no,normal,no,0,0,0.0011657784957327944
V15,low,no,no,no,no,no,no,normal,no,0,0,0.0011657784957327944
V08,low,no,no,no,no,no,no,normal,no,0,0,0.0011657784957327944
V11,low,no,no,no,no,no,no,normal,no,0,0,0.0011657784957327944
V06,low,no,no,no,no,no,no,low,no,0,0,0.011570496738585049
V02,low,no,no,no,no,no,no,normal,no,0,0,0.0011657784957327944
V14,low,no,no,no,no,no,no,high,no,0,0,0.0011504356143843227
V07,low,no,no,no,no,no,no,normal,no,0,0,0.0011657784957327944
V03,low,no,no,no,no,no,no,normal,no,0,0,0.0011657784957327944
V05,low,no,no,no,no,no,no,normal,no,0,0,0.0011657784957327944
V07,high,no,no,no,no,no,no,normal,yes,1,0,0.012847827346594936
V07,low,no,no,no,no,no,no,high,no,0,0,0.0011504356143843227
V08,low,no,no,no,no,no,no,normal,no,0,0,0.0011657784957327944
V01,low,no,no,no,no,no,no,high,no,0,0,0.0011504356143843227
V12,low,no,no,no,no,no,no,normal,no,0,0,0.0011657784957327944
V01,low,no,no,no,no,no,no,normal,no,0,0,0.0011657784957327944
V09,low,no,no,no,no,no,no,normal,no,0,0,0.0011657784957327944
V17,low,no,yes,no,no,yes,no,normal,no,0,0,0.09557244341648768
V10,low,no,no,no,no,no,no,low,no,0,0,0.011570496738585049
V09,low,no,no,no,no,yes,no,high,no,0,0,8.679048776254124e-05
V09,low,no,no,no,no,no,no,normal,no,0,0,0.0011657784957327944
V04,low,no,no,no,no,no,no,low,no,0,0,0.011570496738585049
V14,low,no,no,no,no,no,no,normal,no,0,0,0.0011657784957327944
V04,low,no,no,no,no,no,no,high,no,0,0,0.0011504356143843227
V17,low,no,no,no,no,no,no,normal,no,0,0,0.0011657784957327944
V08,low,no,no,no,no,yes,no,normal,no,0,0,0.01856838253766821
V06,low,no,no,no,no,no,no,normal,no,0,0,0.0011657784957327944
V18,low,no,no,no,no,no,no,low,no,0,0,0.011570496738585049
V02,low,no,no,no,no,no,no,high,no,0,0,0.0011504356143843227
V15,low,no,no,yes,no,no,no,normal,no,0,0,0.02123730864327424
V04,low,no,no,no,no,no,no,normal,no,0,0,0.0011657784957327944
V16,low,no,no,no,no,no,no,high,no,0,0,0.0011504356143843227
V18,high,no,no,no,no,no,no,normal,no,0,0,0.012847827346594936
V08,low,no,no,no,no,yes,no,normal,no,0,0,0.01856838253766821
V08,outlier,no,no,yes,yes,yes,no,low,yes,1,1,0.9978392394122731
V13,low,no,no,no,no,no,no,normal,no,0,0,0.0011657784957327944
V07,high,no,no,no,no,no,no,normal,no,0,0,0.012847827346594936
V13,low,no,no,no,no,no,no,normal,no,0,0,0.0011657784957327944
V03,low,no,no,no,no,no,no,normal,no,0,0,0.0011657784957327944
V02,low,no,no,no,no,no,no,normal,no,0,0,0.0011657784957327944
V06,low,no,no,no,no,no,no,low,no,0,0,0.011570496738585049
V03,low,no,no,no,yes,yes,no,low,no,0,0,0.16673554572880936
V02,high,no,no,no,no,no,no,normal,no,0,0,0.012847827346594936
V18,low,no,no,no,no,no,no,normal,no,0,0,0.0011657784957327944
V16,low,no,no,no,no,yes,yes,normal,no,0,0,0.09219841958616909
V02,low,no,no,no,no,no,no,high,no,0,0,0.0011504356143843227
V12,low,no,no,no,no,no,no,normal,no,0,0,0.0011657784957327944
V07,low,no,no,no,no,no,no,high,no,0,0,0.0011504356143843227
V11,high,no,no,no,no,yes,no,normal,no,0,0,0.043593097549932076
V08,outlier,no,yes,no,yes,no,no,low,yes,1,1,0.5
V05,high,no,no,no,no,no,no,normal,no,0,0,0.012847827346594936
V01,low,no,no,no,no,no,no,normal,no,0,0,0.0011657784957327944
V09,low,no,no,no,no,yes,no,low,no,0,0,0.08600537288108967
V02,low,no,no,no,yes,yes,no,low,no,0,0,0.16673554572880936
V14,low,no,no,no,no,no,no,normal,no,0,0,0.0011657784957327944
V17,low,no,no,no,no,no,no,normal,no,0,0,0.0011657784957327944
V04,low,no,no,no,no,no,no,normal,no,0,0,0.0011657784957327944
V06,low,no,no,no,no,no,no,normal,no,0,0,0.0011657784957327944
V07,low,no,no,no,no,no,no,normal,no,0,0,0.0011657784957327944
V03,outlier,no,no,no,no,no,no,normal,no,0,0,0.0364371091508544
V11,low,no,no,no,no,no,no,normal,no,0,0,0.0011657784957327944
V04,low,yes,no,no,no,no,yes,normal,no,0,1,0.5554485945321525
V04,high,no,yes,no,no,no,no,normal,yes,1,0,0.015279019618155998
V04,low,no,yes,no,no,no,no,normal,no,0,0,0.020373043188631066
V07,outlier,no,no,no,no,no,no,normal,no,0,0,0.0364371091508544
V17,low,no,no,no,yes,no,no,low,no,0,0,0.14481797834924404
V09,high,no,no,no,no,no,no,normal,no,0,0,0.012847827346594936
V17,high,no,no,no,no,no,no,low,no,0,0,0.08855878828842667
V02,low,no,no,no,no,no,no,normal,no,0,0,0.0011657784957327944
V07,low,no,no,no,no,no,no,normal,no,0,0,0.0011657784957327944
V07,low,no,no,no,no,no,no,normal,no,0,0,0.0011657784957327944
V10,low,no,no,no,no,no,no,normal,no,0,0,0.0011657784957327944
V01,low,no,no,no,no,no,no,normal,no,0,0,0.0011657784957327944
V03,low,no,no,no,no,no,no,normal,no,0,0,0.0011657784957327944
V03,low,no,no,no,no,no,no,normal,no,0,0,0.0011657784957327944
V02,low,no,no,no,yes,yes,yes,low,no,0,0,0.41185472352581104
V05,low,no,no,no,no,no,no,normal,no,0,0,0.0011657784957327944
V01,low,no,yes,yes,no,yes,no,normal,no,0,0,0.25036116729269
V12,low,no,no,no,no,no,no,normal,no,0,0,0.0011657784957327944
V02,low,no,no,no,no,no,no,high,no,0,0,0.0011504356143843227
V13,low,yes,no,no,no,yes,no,normal,no,0,1,0.5453829183737787
V04,high,no,no,no,no,no,no,normal,no,0,0,0.012847827346594936
V09,high,no,yes,yes,no,no,no,normal,no,0,0,0.0005780346820809249
V02,low,no,no,no,no,no,no,high,no,0,0,0.0011504356143843227
V01,low,no,no,no,no,no,no,high,no,0,0,0.0011504356143843227
V11,outlier,no,no,no,yes,yes,no,normal,yes,1,1,0.5
V08,low,no,no,no,no,no,no,normal,no,0,0,0.0011657784957327944
V19,low,no,yes,yes,no,no,no,normal,no,0,0,0.05412379194945735
V02,low,no,no,no,no,no,no,normal,no,0,0,0.0011657784957327944
V09,low,no,no,no,no,yes,no,high,no,0,0,8.679048776254124e-05
V16,outlier,no,yes,no,no,no,no,low,yes,1,1,0.5998266897746967
V08,low,no,no,no,no,no,no,low,no,0,0,0.011570496738585049
V01,low,no,no,no,no,no,no,normal,no,0,0,0.0011657784957327944
V02,low,no,no,no,no,no,no,high,no,0,0,0.0011504356143843227
V13,low,no,no,no,no,no,no,high,no,0,0,0.0011504356143843227
V03,low,yes,yes,no,yes,yes,yes,normal,yes,1,1,0.5
V01,outlier,no,yes,no,no,no,no,normal,no,0,0,0.13347473968376397
V13,low,no,no,yes,no,yes,no,normal,no,0,0,0.023626710230753523
V06,outlier,no,no,no,no,no,yes,normal,no,0,0,0.22240071970183778
V11,low,no,no,no,no,yes,yes,normal,no,0,0,0.09219841958616909
V05,low,no,no,no,no,no,no,normal,no,0,0,0.0011657784957327944
V10,low,no,yes,no,no,no,no,normal,no,0,0,0.020373043188631066
V10,low,no,no,no,no,no,no,normal,no,0,0,0.0011657784957327944
V07,low,no,no,no,no,no,no,high,no,0,0,0.0011504356143843227
V19,low,no,no,no,no,no,no,normal,no,0,0,0.0011657784957327944
V07,low,no,no,yes,no,no,no,low,yes,1,0,0.07913964745638871
V12,low,no,no,no,no,no,no,normal,no,0,0,0.0011657784957327944
V07,low,no,no,no,no,no,yes,normal,no,0,0,0.011751861446028238
V07,low,no,no,no,no,no,no,high,no,0,0,0.0011504356143843227
V05,low,no,no,yes,no,no,no,normal,no,0,0,0.02123730864327424
V13,low,no,no,no,no,no,no,normal,no,0,0,0.0011657784957327944
V05,low,yes,yes,no,no,no,no,normal,no,0,0,0.04199797600115657
V20,outlier,no,no,no,no,no,no,normal,no,0,0,0.0364371091508544
V05,low,yes,no,no,no,no,no,low,no,0,0,0.12581203984408837
V10,outlier,no,yes,yes,yes,yes,no,normal,yes,1,1,0.5
V13,low,yes,no,no,no,no,yes,normal,no,0,1,0.5554485945321525
V04,outlier,no,no,no,no,no,no,high,no,0,0,0.019127128450983633
V10,high,no,no,no,no,no,no,high,no,0,0,3.741338800676435e-05
V07,low,no,no,no,no,no,no,normal,no,0,0,0.0011657784957327944
V08,low,no,no,no,no,no,no,normal,no,0,0,0.0011657784957327944
V07,outlier,no,no,no,yes,no,no,normal,yes,1,0,0.21065850762626723
V03,low,no,no,no,no,yes,no,normal,no,0,0,0.01856838253766821
V01,high,no,no,no,no,no,no,high,no,0,0,3.741338800676435e-05
V18,low,no,no,no,no,no,no,low,no,0,0,0.011570496738585049
V06,low,no,no,no,no,no,no,normal,no,0,0,0.0011657784957327944
V02,low,no,no,no,no,no,no,normal,no,0,0,0.0011657784957327944
V06,low,no,no,no,no,no,no,normal,no,0,0,0.0011657784957327944
V01,low,no,no,no,no,no,no,high,no,0,0,0.0011504356143843227
V05,high,no,no,no,no,no,no,high,no,0,0,3.741338800676435e-05
V03,outlier,no,yes,no,no,no,no,normal,no,0,0,0.13347473968376397
V13,low,no,yes,no,no,no,no,normal,no,0,0,0.020373043188631066
V08,outlier,no,no,no,no,yes,no,normal,no,0,0,0.22870599900842833
V09,low,yes,yes,yes,no,no,no,normal,no,0,0,0.08393527882114996
V04,low,no,no,no,no,no,no,high,no,0,0,0.0011504356143843227
V04,low,no,no,no,no,yes,no,normal,no,0,0,0.01856838253766821
V08,low,no,no,no,no,no,no,normal,no,0,0,0.0011657784957327944
V12,low,no,no,no,no,no,no,normal,no,0,0,0.0011657784957327944
V02,low,no,no,yes,no,no,no,normal,no,0,0,0.02123730864327424
V09,low,no,no,no,no,no,no,normal,no,0,0,0.0011657784957327944
V06,low,no,no,no,no,no,no,normal,no,0,0,0.0011657784957327944
V15,low,no,no,no,no,no,no,normal,no,0,0,0.0011657784957327944
V01,low,no,no,no,no,no,yes,normal,no,0,0,0.011751861446028238
V08,high,no,no,no,no,no,no,normal,no,0,0,0.012847827346594936
V07,low,no,no,no,no,no,no,normal,no,0,0,0.0011657784957327944
V15,low,no,no,no,no,no,no,normal,no,0,0,0.0011657784957327944
V13,low,no,no,no,no,no,no,normal,no,0,0,0.0011657784957327944
V07,low,no,no,no,no,no,no,normal,no,0,0,0.0011657784957327944
V19,high,no,no,no,no,no,no,high,no,0,0,3.741338800676435e-05
V02,low,no,no,no,no,no,no,normal,no,0,0,0.0011657784957327944
V02,high,no,yes,yes,yes,yes,yes,high,yes,1,1,0.5
V02,low,no,no,no,no,no,no,normal,no,0,0,0.0011657784957327944
V03,low,no,yes,no,no,no,no,high,no,0,0,0.00925247635124375
V03,low,no,no,no,no,no,no,normal,no,0,0,0.0011657784957327944
V04,low,no,no,no,no,no,no,normal,no,0,0,0.0011657784957327944
V12,low,no,no,no,no,no,no,high,no,0,0,0.0011504356143843227
V13,high,no,no,no,yes,no,no,low,no,0,0,0.16762839007501443
V04,low,no,no,no,no,no,no,normal,no,0,0,0.0011657784957327944
V07,low,no,no,no,no,no,no,normal,no,0,0,0.0011657784957327944
V19,low,no,yes,no,no,no,no,low,no,0,0,0.08965856691363142
V10,low,no,no,no,no,no,yes,normal,no,0,0,0.011751861446028238
V04,low,no,yes,no,no,no,no,normal,no,0,0,0.020373043188631066
V04,low,no,no,yes,no,no,no,normal,no,0,0,0.02123730864327424
V10,low,no,no,no,no,no,no,low,no,0,0,0.011570496738585049
V11,low,no,no,no,no,no,yes,low,no,0,0,0.1501518438177874
V17,low,no,no,no,yes,yes,no,low,yes,1,0,0.16673554572880936
V13,low,no,no,no,no,no,no,high,no,0,0,0.0011504356143843227
V04,low,no,no,no,no,no,no,high,no,0,0,0.0011504356143843227
V17,outlier,no,no,no,no,no,no,high,no,0,0,0.019127128450983633
V08,low,no,no,no,no,no,no,high,no,0,0,0.0011504356143843227
V01,low,no,no,no,no,no,no,high,no,0,0,0.0011504356143843227
V14,low,yes,yes,yes,no,yes,no,low,yes,1,1,0.9956970740103269
V12,high,no,no,no,no,no,no,normal,no,0,0,0.012847827346594936
V07,high,no,no,no,no,yes,yes,normal,no,0,0,0.2730854081311062
V04,low,no,no,no,yes,yes,no,low,no,0,0,0.16673554572880936
V09,outlier,no,no,no,no,no,no,normal,no,0,0,0.0364371091508544
V09,low,no,no,no,no,no,no,normal,no,0,0,0.0011657784957327944
V08,low,no,no,no,no,no,yes,high,no,0,0,0.016806479606595315
V10,low,no,no,no,yes,yes,no,high,no,0,0,0.0002478929102627665
V05,low,no,no,no,no,no,no,normal,no,0,0,0.0011657784957327944
V03,low,no,no,no,no,no,no,low,no,0,0,0.011570496738585049
V07,low,no,no,no,no,no,no,normal,no,0,0,0.0011657784957327944
V16,low,no,no,no,no,no,no,normal,no,0,0,0.0011657784957327944
V01,high,no,no,no,no,no,no,normal,no,0,0,0.012847827346594936
V04,low,no,yes,no,no,no,no,normal,no,0,0,0.020373043188631066
V09,outlier,no,no,no,no,no,no,normal,no,0,0,0.0364371091508544
V03,low,no,yes,yes,no,no,no,normal,no,0,0,0.05412379194945735
V01,low,no,yes,yes,no,no,no,high,no,0,0,0.0252060737527115
V10,low,no,no,no,no,no,no,high,no,0,0,0.0011504356143843227
V12,low,no,no,no,no,no,no,low,no,0,0,0.011570496738585049
V04,low,no,no,no,no,no,yes,normal,no,0,0,0.011751861446028238
V03,low,no,no,no,no,no,no,normal,no,0,0,0.0011657784957327944
V09,low,no,no,no,no,no,no,normal,no,0,0,0.0011657784957327944
V02,low,no,no,no,no,no,no,high,no,0,0,0.0011504356143843227
V03,low,no,no,no,no,yes,yes,low,no,0,0,0.1945917285259809
V13,low,no,no,no,no,no,no,low,no,0,0,0.011570496738585049
V08,low,no,no,no,no,no,no,normal,no,0,0,0.0011657784957327944
V08,outlier,no,no,no,no,no,no,normal,no,0,0,0.0364371091508544
V03,low,no,no,no,no,no,no,normal,no,0,0,0.0011657784957327944
V02,low,no,no,no,no,no,no,normal,no,0,0,0.0011657784957327944
V11,low,no,no,no,yes,no,no,normal,no,0,0,0.016753953322825036
V14,low,no,no,no,no,no,no,normal,no,0,0,0.0011657784957327944
V01,high,no,no,no,no,no,no,normal,no,0,0,0.012847827346594936
V08,low,no,no,no,yes,yes,no,low,no,0,0,0.16673554572880936
V08,low,no,no,no,no,yes,no,low,no,0,0,0.08600537288108967
V17,outlier,no,no,no,no,yes,no,low,no,0,0,0.48149338131345587
V11,low,no,no,no,no,yes,no,normal,no,0,0,0.01856838253766821
V03,high,no,yes,no,no,no,no,high,no,0,0,0.04799273087725094
V07,high,no,no,no,no,no,no,low,no,0,0,0.08855878828842667
V13,low,no,no,no,yes,yes,no,normal,no,0,0,0.03035244608101
V01,low,no,no,no,no,no,no,normal,no,0,0,0.0011657784957327944
V04,low,no,no,no,no,no,no,normal,no,0,0,0.0011657784957327944
V10,low,yes,no,yes,yes,no,no,normal,yes,1,1,0.9914675767918089
V08,low,no,no,no,no,no,no,high,no,0,0,0.0011504356143843227
V02,high,no,no,no,no,yes,no,normal,no,0,0,0.043593097549932076
V04,low,no,no,no,no,yes,no,normal,no,0,0,0.01856838253766821
V04,low,no,no,no,no,no,no,normal,no,0,0,0.0011657784957327944
V05,low,no,no,yes,no,no,no,high,no,0,0,0.00010456313522104649
V06,low,no,no,no,yes,no,no,normal,no,0,0,0.016753953322825036
V06,low,no,no,no,no,no,no,normal,no,0,0,0.0011657784957327944
V10,low,no,no,no,no,no,no,low,no,0,0,0.011570496738585049
V06,outlier,yes,yes,yes,no,no,yes,low,yes,1,1,0.9914675767918089
V06,low,no,no,no,no,no,no,normal,no,0,0,0.0011657784957327944
V07,low,no,no,yes,yes,yes,no,low,no,0,1,0.6920512136569752
V05,low,no,no,no,no,no,yes,normal,no,0,0,0.011751861446028238
V02,low,no,no,no,no,no,no,low,no,0,0,0.011570496738585049
V18,low,no,no,yes,no,no,no,normal,no,0,0,0.02123730864327424
V12,low,no,no,no,no,no,no,normal,no,0,0,0.0011657784957327944
V01,low,no,no,no,no,no,no,high,no,0,0,0.0011504356143843227
V11,low,no,no,no,no,no,no,normal,no,0,0,0.0011657784957327944
V01,low,no,no,no,no,no,no,normal,no,0,0,0.0011657784957327944
V01,outlier,yes,yes,no,yes,yes,no,low,yes,1,1,0.9914675767918089
V16,low,no,yes,no,no,no,no,high,no,0,0,0.00925247635124375
V17,low,no,no,no,no,no,no,normal,no,0,0,0.0011657784957327944
V12,low,no,no,no,no,yes,no,low,no,0,0,0.08600537288108967
V17,low,no,no,no,no,no,yes,normal,no,0,0,0.011751861446028238
V03,low,no,no,no,no,no,no,high,no,0,0,0.0011504356143843227
V15,low,no,no,no,no,yes,no,normal,no,0,0,0.01856838253766821
V03,low,no,no,no,no,no,yes,normal,no,0,0,0.011751861446028238
V03,low,no,no,no,no,no,no,normal,no,0,0,0.0011657784957327944
V06,low,no,yes,yes,no,no,no,normal,no,0,0,0.05412379194945735
V16,low,no,no,no,no,no,no,high,no,0,0,0.0011504356143843227
V05,low,no,no,no,no,no,no,low,no,0,0,0.011570496738585049
V18,low,no,no,no,no,no,no,low,no,0,0,0.011570496738585049
V01,outlier,no,no,no,no,no,no,normal,no,0,0,0.0364371091508544
V05,high,no,no,no,no,no,no,normal,no,0,0,0.012847827346594936
V07,low,no,yes,no,no,yes,no,normal,no,0,0,0.09557244341648768
V19,low,no,no,no,no,no,no,normal,no,0,0,0.0011657784957327944
V01,high,yes,yes,yes,no,yes,no,normal,yes,1,1,0.5
V02,low,no,no,no,no,no,no,normal,no,0,0,0.0011657784957327944
V11,low,no,no,no,no,no,no,low,no,0,0,0.011570496738585049
V03,low,no,no,no,no,no,no,high,no,0,0,0.0011504356143843227
V03,low,no,no,no,no,yes,no,normal,no,0,0,0.01856838253766821
V03,low,no,no,no,no,no,no,normal,no,0,0,0.0011657784957327944
V18,high,no,no,no,no,no,no,normal,no,0,0,0.012847827346594936
V10,low,no,no,no,no,yes,no,normal,no,0,0,0.01856838253766821
V15,low,no,no,no,no,no,no,normal,no,0,0,0.0011657784957327944
V03,low,no,no,no,no,no,no,normal,no,0,0,0.0011657784957327944
V13,low,no,no,no,no,no,no,normal,no,0,0,0.0011657784957327944
V07,outlier,no,yes,no,no,no,no,normal,yes,1,0,0.13347473968376397
V09,low,no,no,no,no,no,no,normal,no,0,0,0.0011657784957327944
V09,low,no,no,no,no,no,no,normal,no,0,0,0.0011657784957327944
V18,low,no,yes,no,no,no,no,low,no,0,0,0.08965856691363142
V07,high,no,no,no,no,no,no,low,no,0,0,0.08855878828842667
V03,low,no,no,no,no,no,no,normal,no,0,0,0.0011657784957327944
V10,low,no,no,no,no,no,no,normal,no,0,0,0.0011657784957327944
V12,low,yes,yes,yes,no,no,no,normal,yes,1,0,0.08393527882114996
V12,low,no,no,no,no,no,yes,normal,no,0,0,0.011751861446028238
V05,low,no,no,no,yes,yes,no,low,no,0,0,0.16673554572880936
V06,low,no,no,yes,no,yes,no,low,no,0,0,0.27667823646702605
V07,low,no,no,yes,no,no,no,low,no,0,0,0.07913964745638871
V07,low,no,no,no,no,yes,no,normal,no,0,0,0.01856838253766821
V13,low,no,no,no,yes,no,no,high,no,0,0,6.289466401670483e-05
V02,low,no,no,no,no,no,no,normal,no,0,0,0.0011657784957327944
V15,low,no,no,no,yes,no,no,normal,no,0,0,0.016753953322825036
V10,low,no,no,no,no,yes,no,low,no,0,0,0.08600537288108967
V02,high,yes,no,no,yes,yes,yes,high,yes,1,1,0.5
V02,low,no,no,no,no,no,no,high,no,0,0,0.0011504356143843227
V09,low,no,no,no,no,no,no,low,no,0,0,0.011570496738585049
V05,low,no,no,no,no,no,no,high,no,0,0,0.0011504356143843227
V15,low,no,yes,yes,no,no,no,low,no,0,0,0.15430781541744465
V16,outlier,no,no,no,no,no,no,high,no,0,0,0.019127128450983633
V01,low,no,no,no,no,no,no,high,no,0,0,0.0011504356143843227
V03,high,no,no,no,no,yes,no,low,no,0,0,0.2693847591085013
V10,low,no,no,no,no,no,no,normal,no,0,0,0.0011657784957327944
V10,low,no,no,no,no,no,no,low,no,0,0,0.011570496738585049
V13,low,no,no,no,yes,no,no,high,no,0,0,6.289466401670483e-05
V10,low,no,no,no,no,no,no,normal,no,0,0,0.0011657784957327944
V05,low,no,no,no,no,no,no,high,no,0,0,0.0011504356143843227
V04,low,no,no,no,no,no,no,normal,no,0,0,0.0011657784957327944
V03,low,no,no,no,yes,no,no,normal,no,0,0,0.016753953322825036
V12,low,no,no,no,yes,no,no,high,no,0,0,6.289466401670483e-05
V11,high,no,no,no,no,no,no,normal,no,0,0,0.012847827346594936
V10,low,no,no,no,no,no,no,high,no,0,0,0.0011504356143843227
V01,low,no,no,no,no,no,no,normal,no,0,0,0.0011657784957327944
V09,low,no,no,no,no,no,no,normal,no,0,0,0.0011657784957327944
V03,high,no,yes,yes,no,no,no,normal,no,0,0,0.0005780346820809249
V08,low,no,no,no,no,no,no,normal,no,0,0,0.0011657784957327944
V13,low,no,no,yes,no,no,no,normal,no,0,0,0.02123730864327424
V02,low,no,no,no,no,no,no,normal,no,0,0,0.0011657784957327944
V05,high,no,no,no,no,yes,no,high,no,0,0,0.14329947981174138
V05,low,no,no,no,no,no,no,normal,no,0,0,0.0011657784957327944
V01,low,no,no,no,no,no,no,low,no,0,0,0.011570496738585049
V07,low,no,no,no,no,no,no,normal,no,0,0,0.0011657784957327944
V08,low,no,no,no,no,yes,no,normal,no,0,0,0.01856838253766821
V02,low,no,no,no,no,no,no,normal,no,0,0,0.0011657784957327944
V03,low,no,no,no,no,no,no,normal,no,0,0,0.0011657784957327944
V12,low,no,no,no,no,no,no,normal,no,0,0,0.0011657784957327944
V17,low,no,no,no,no,no,no,low,no,0,0,0.011570496738585049
V11,low,no,no,yes,no,no,no,high,no,0,0,0.00010456313522104649
V01,low,no,no,no,no,no,no,normal,no,0,0,0.0011657784957327944
V09,low,no,no,no,no,no,no,low,no,0,0,0.011570496738585049
V15,low,no,yes,no,yes,no,no,high,no,0,0,0.0014425851125216388
V11,low,no,no,no,no,no,no,high,no,0,0,0.0011504356143843227
V02,low,no,no,no,no,no,no,high,no,0,0,0.0011504356143843227
V05,low,no,no,no,no,no,no,high,no,0,0,0.0011504356143843227
V18,low,yes,yes,no,no,no,no,normal,no,0,0,0.04199797600115657
V02,low,no,yes,yes,no,no,no,high,yes,1,0,0.0252060737527115
V01,low,no,no,no,no,no,no,normal,no,0,0,0.0011657784957327944
V13,low,no,no,no,yes,no,no,low,no,0,0,0.14481797834924404
V02,low,no,no,no,no,no,no,low,no,0,0,0.011570496738585049
V08,low,no,no,no,no,no,no,normal,no,0,0,0.0011657784957327944
V03,outlier,no,no,no,no,no,no,normal,no,0,0,0.0364371091508544
V14,low,no,no,no,no,no,no,normal,no,0,0,0.0011657784957327944
V02,high,no,no,no,no,no,no,low,no,0,0,0.08855878828842667
V01,low,no,no,no,no,no,no,normal,no,0,0,0.0011657784957327944
V08,low,yes,no,no,no,no,no,normal,no,0,0,0.026423971132325398
V08,low,no,no,no,no,no,no,normal,no,0,0,0.0011657784957327944
V06,high,no,no,no,no,no,no,normal,no,0,0,0.012847827346594936
V11,outlier,yes,no,no,no,no,yes,low,yes,1,1,0.9914675767918089
V14,low,no,no,no,no,no,no,normal,no,0,0,0.0011657784957327944
V05,low,no,no,no,no,no,no,normal,no,0,0,0.0011657784957327944
V05,low,no,no,no,no,no,no,normal,no,0,0,0.0011657784957327944
V02,low,no,no,no,no,no,no,normal,no,0,0,0.0011657784957327944
V08,high,no,no,no,no,no,no,normal,no,0,0,0.012847827346594936
V05,low,no,no,no,no,no,no,low,no,0,0,0.011570496738585049
V15,outlier,no,no,no,no,no,no,high,no,0,0,0.019127128450983633
V10,low,no,no,no,no,no,no,high,no,0,0,0.0011504356143843227
V12,low,no,no,no,no,no,no,normal,no,0,0,0.0011657784957327944
V04,low,no,no,no,yes,yes,no,low,no,0,0,0.16673554572880936
V08,low,no,no,no,no,no,no,normal,no,0,0,0.0011657784957327944
V03,low,no,no,no,no,no,no,low,no,0,0,0.011570496738585049
V13,low,no,no,no,no,no,no,normal,no,0,0,0.0011657784957327944
V07,low,no,no,no,no,no,no,normal,no,0,0,0.0011657784957327944
V04,low,no,no,no,no,yes,no,normal,no,0,0,0.01856838253766821
V18,low,no,no,no,yes,no,no,normal,no,0,0,0.016753953322825036
V03,low,no,no,yes,no,no,no,high,no,0,0,0.00010456313522104649
V04,low,no,yes,yes,no,no,no,high,no,0,0,0.0252060737527115
V01,high,no,no,no,no,no,no,normal,no,0,0,0.012847827346594936
V10,low,no,no,no,no,no,no,high,no,0,0,0.0011504356143843227
V14,low,no,no,no,no,no,no,normal,no,0,0,0.0011657784957327944
V01,low,no,no,no,no,no,no,normal,no,0,0,0.0011657784957327944
V09,low,no,yes,no,no,yes,no,normal,no,0,0,0.09557244341648768
V10,low,no,no,no,no,no,no,normal,no,0,0,0.0011657784957327944
V01,low,no,no,no,no,no,no,normal,no,0,0,0.0011657784957327944
V07,low,no,no,no,no,no,no,high,no,0,0,0.0011504356143843227
V07,low,no,no,no,no,no,no,normal,no,0,0,0.0011657784957327944
V10,low,no,no,no,no,no,no,normal,no,0,0,0.0011657784957327944
V01,low,no,no,no,no,no,no,high,no,0,0,0.0011504356143843227
V10,low,no,yes,no,no,no,no,normal,yes,1,0,0.020373043188631066
V03,low,no,no,no,no,no,no,normal,no,0,0,0.0011657784957327944
V09,low,no,no,no,no,no,no,normal,no,0,0,0.0011657784957327944
V02,low,no,no,no,no,no,no,normal,no,0,0,0.0011657784957327944
V02,low,no,no,no,no,no,no,low,no,0,0,0.011570496738585049
V01,low,no,yes,no,no,no,no,normal,no,0,0,0.020373043188631066
V11,low,no,no,no,no,no,no,normal,no,0,0,0.0011657784957327944
V09,high,no,no,no,no,no,no,normal,no,0,0,0.012847827346594936
V05,low,no,no,no,no,no,no,normal,no,0,0,0.0011657784957327944
V02,low,no,no,no,no,no,no,normal,no,0,0,0.0011657784957327944
V17,low,no,yes,no,no,no,no,normal,no,0,0,0.020373043188631066
V10,high,no,no,no,no,no,no,low,no,0,0,0.08855878828842667
V05,low,no,no,yes,yes,no,no,high,no,0,0,0.0010827197921178
V12,low,no,no,no,no,no,no,normal,no,0,0,0.0011657784957327944
V02,low,no,no,no,no,no,no,normal,no,0,0,0.0011657784957327944
V10,low,no,yes,no,yes,yes,no,normal,no,0,0,0.22275702733923758
V04,low,no,no,no,no,no,yes,normal,no,0,0,0.011751861446028238
V01,low,no,yes,no,no,no,yes,low,yes,1,0,0.14374072241464622
V01,low,no,yes,yes,no,no,yes,normal,no,0,0,0.3638512448786637
V05,low,no,no,no,no,no,no,high,no,0,0,0.0011504356143843227
V10,low,no,no,no,no,no,no,normal,no,0,0,0.0011657784957327944
V04,high,no,no,no,no,no,no,normal,no,0,0,0.012847827346594936
V01,low,no,no,no,no,no,no,normal,no,0,0,0.0011657784957327944
V03,low,no,no,yes,no,no,no,normal,no,0,0,0.02123730864327424
V06,low,no,no,no,no,no,no,normal,no,0,0,0.0011657784957327944
V03,low,no,no,no,no,no,no,normal,no,0,0,0.0011657784957327944
V12,low,no,no,no,no,no,no,normal,no,0,0,0.0011657784957327944
V01,low,no,no,no,no,no,no,normal,no,0,0,0.0011657784957327944
V05,low,no,no,no,no,no,no,normal,no,0,0,0.0011657784957327944
V05,low,no,no,no,yes,no,no,low,no,0,0,0.14481797834924404
V08,outlier,no,no,no,no,no,no,low,no,0,0,0.17469282054107665
V12,low,no,no,no,no,yes,no,normal,no,0,0,0.01856838253766821
V01,high,no,no,no,no,no,no,normal,no,0,0,0.012847827346594936
V01,high,no,no,no,no,no,no,normal,no,0,0,0.012847827346594936
V10,outlier,yes,no,no,no,no,no,high,no,0,0,0.002876869965477561
V05,high,no,no,no,no,no,no,high,no,0,0,3.741338800676435e-05
V02,low,no,no,no,no,yes,no,normal,no,0,0,0.01856838253766821
V06,low,no,no,no,no,yes,no,low,no,0,0,0.08600537288108967
V09,low,no,no,no,no,no,no,normal,no,0,0,0.0011657784957327944
V01,low,no,no,no,no,no,no,normal,no,0,0,0.0011657784957327944
V18,low,no,no,no,no,no,no,high,no,0,0,0.0011504356143843227
V02,low,no,no,no,no,no,no,normal,no,0,0,0.0011657784957327944
V04,low,no,no,no,no,no,no,normal,no,0,0,0.0011657784957327944
V11,outlier,no,no,no,no,yes,no,normal,no,0,0,0.22870599900842833
V02,high,yes,no,no,no,no,no,normal,yes,1,0,0.16714822305691995
V12,low,no,no,no,no,no,no,normal,no,0,0,0.0011657784957327944
V20,low,no,no,no,no,no,no,normal,no,0,0,0.0011657784957327944
V07,outlier,no,yes,yes,no,no,no,low,yes,1,1,0.5712518555170708
V02,low,no,no,no,no,no,no,high,no,0,0,0.0011504356143843227
V05,outlier,no,yes,no,no,no,no,normal,no,0,0,0.13347473968376397
V13,low,no,no,no,no,no,no,normal,no,0,0,0.0011657784957327944
V04,low,no,no,no,yes,no,no,high,no,0,0,6.289466401670483e-05
V02,high,no,no,no,no,no,no,normal,no,0,0,0.012847827346594936
V03,low,no,no,no,no,no,no,high,no,0,0,0.0011504356143843227
V06,low,no,no,no,no,no,no,normal,no,0,0,0.0011657784957327944
V01,low,no,no,no,no,no,no,low,no,0,0,0.011570496738585049
V11,high,no,yes,yes,no,yes,no,low,yes,1,1,0.7137555665512123
V09,high,no,no,no,no,no,no,high,no,0,0,3.741338800676435e-05
V09,low,no,no,no,no,no,no,normal,no,0,0,0.0011657784957327944
V01,low,no,no,no,no,no,no,normal,no,0,0,0.0011657784957327944
V17,low,no,no,no,no,no,no,normal,no,0,0,0.0011657784957327944
V10,low,no,no,no,no,no,no,high,no,0,0,0.0011504356143843227
V09,high,no,no,no,no,no,no,normal,no,0,0,0.012847827346594936
V06,low,no,no,no,no,no,yes,normal,no,0,0,0.011751861446028238
V10,low,no,no,no,no,no,no,normal,no,0,0,0.0011657784957327944
V02,low,no,no,no,no,no,no,normal,no,0,0,0.0011657784957327944
V02,low,no,no,no,no,no,no,high,no,0,0,0.0011504356143843227
V17,low,no,no,no,no,no,no,normal,no,0,0,0.0011657784957327944
V04,low,no,no,no,no,no,no,normal,no,0,0,0.0011657784957327944
V06,outlier,no,no,no,yes,no,no,low,yes,1,1,0.5
V05,low,no,no,no,no,no,no,high,no,0,0,0.0011504356143843227
V06,high,no,yes,no,no,no,no,normal,no,0,0,0.015279019618155998
V14,low,no,no,no,no,no,no,low,no,0,0,0.011570496738585049
V15,low,no,no,no,no,no,no,normal,no,0,0,0.0011657784957327944
V06,low,no,no,no,no,no,no,normal,no,0,0,0.0011657784957327944
V05,low,no,no,no,no,no,no,normal,no,0,0,0.0011657784957327944
V18,low,no,no,no,no,no,yes,normal,no,0,0,0.011751861446028238
V12,low,no,no,no,no,no,yes,high,no,0,0,0.016806479606595315
V03,low,no,no,no,no,yes,yes,low,yes,1,0,0.1945917285259809
V02,high,no,no,no,no,no,no,normal,no,0,0,0.012847827346594936
V08,outlier,no,no,no,no,no,no,low,yes,1,0,0.17469282054107665
V02,low,no,yes,no,yes,no,no,normal,no,0,0,0.11136100758257292
V06,low,no,no,no,no,no,no,normal,no,0,0,0.0011657784957327944
V12,low,no,no,no,no,no,no,normal,no,0,0,0.0011657784957327944
V08,low,no,no,no,no,no,no,normal,no,0,0,0.0011657784957327944
V03,low,no,no,no,yes,no,no,normal,no,0,0,0.016753953322825036
V06,low,no,no,no,no,no,no,high,no,0,0,0.0011504356143843227
V01,low,no,no,no,no,no,no,low,no,0,0,0.011570496738585049
V05,low,no,yes,no,no,no,no,normal,no,0,0,0.020373043188631066
V01,outlier,no,no,no,no,no,no,high,no,0,0,0.019127128450983633
V09,low,no,no,yes,no,no,no,normal,no,0,0,0.02123730864327424
V10,low,no,no,no,no,no,no,high,no,0,0,0.0011504356143843227
V02,high,no,no,no,no,no,no,high,no,0,0,3.741338800676435e-05
V10,low,no,no,no,yes,no,no,high,no,0,0,6.289466401670483e-05
V15,low,no,no,no,no,no,no,normal,no,0,0,0.0011657784957327944
V11,low,no,no,no,no,no,no,normal,no,0,0,0.0011657784957327944
V15,low,no,no,no,no,no,no,normal,no,0,0,0.0011657784957327944
V02,low,no,no,no,no,no,no,low,no,0,0,0.011570496738585049
V01,low,no,no,no,no,no,no,high,no,0,0,0.0011504356143843227
V08,low,no,no,no,no,no,no,high,no,0,0,0.0011504356143843227
V03,low,no,no,no,no,no,no,normal,no,0,0,0.0011657784957327944
V03,low,no,no,no,no,yes,no,normal,no,0,0,0.01856838253766821
V03,low,no,no,no,no,no,no,normal,no,0,0,0.0011657784957327944
V11,low,no,no,no,no,yes,no,normal,no,0,0,0.01856838253766821
V12,low,no,yes,no,no,yes,no,normal,no,0,0,0.09557244341648768
V08,outlier,no,no,no,no,no,no,low,no,0,0,0.17469282054107665
V01,low,no,no,no,no,yes,no,normal,no,0,0,0.01856838253766821
V12,low,yes,no,no,no,yes,no,normal,no,0,1,0.5453829183737787
V10,low,no,no,no,no,no,no,normal,no,0,0,0.0011657784957327944
V08,low,no,no,no,no,no,no,normal,no,0,0,0.0011657784957327944
V03,low,no,no,no,no,no,no,normal,no,0,0,0.0011657784957327944
V17,high,no,yes,no,no,no,no,normal,yes,1,0,0.015279019618155998
V15,low,no,no,no,no,no,no,high,no,0,0,0.0011504356143843227
V15,low,no,no,no,no,no,no,normal,no,0,0,0.0011657784957327944
V12,low,yes,yes,no,yes,yes,no,normal,no,0,1,0.5
V06,low,no,no,no,no,no,no,high,no,0,0,0.0011504356143843227
V09,low,no,no,no,yes,yes,no,normal,no,0,0,0.03035244608101
V07,low,no,no,no,no,no,no,normal,no,0,0,0.0011657784957327944
V09,low,no,no,no,no,no,no,normal,no,0,0,0.0011657784957327944
V04,low,no,no,no,no,no,no,high,no,0,0,0.0011504356143843227
V11,low,no,no,no,no,no,no,normal,no,0,0,0.0011657784957327944
V03,low,no,no,no,no,no,no,normal,no,0,0,0.0011657784957327944
V02,low,no,no,no,no,no,no,low,yes,1,0,0.011570496738585049
V11,low,no,yes,no,no,no,no,low,no,0,0,0.08965856691363142
V01,low,no,no,no,no,no,no,normal,no,0,0,0.0011657784957327944
V04,low,no,no,no,no,no,no,normal,no,0,0,0.0011657784957327944
V08,low,no,no,no,no,no,no,normal,no,0,0,0.0011657784957327944
V03,outlier,no,no,no,no,no,no,low,no,0,0,0.17469282054107665
V05,high,no,yes,no,no,no,no,normal,yes,1,0,0.015279019618155998
V03,high,no,no,yes,no,yes,no,low,no,0,1,0.6152307281941851
V15,low,no,no,no,no,no,no,high,no,0,0,0.0011504356143843227
V15,low,no,no,no,no,no,no,normal,no,0,0,0.0011657784957327944
V04,low,no,no,no,no,no,no,high,no,0,0,0.0011504356143843227
V01,low,no,yes,no,no,yes,no,low,yes,1,0,0.17415899834062448
V04,low,no,no,no,no,no,no,high,no,0,0,0.0011504356143843227
V11,low,no,no,no,no,no,no,normal,no,0,0,0.0011657784957327944
V05,outlier,no,yes,yes,no,no,no,low,yes,1,1,0.5712518555170708
V03,low,no,no,no,no,no,no,low,no,0,0,0.011570496738585049
V05,low,no,yes,yes,no,no,no,high,no,0,0,0.0252060737527115
V03,high,no,no,no,no,no,no,high,no,0,0,3.741338800676435e-05
V10,high,no,no,no,no,no,no,low,no,0,0,0.08855878828842667
V02,low,no,no,no,no,no,no,normal,no,0,0,0.0011657784957327944
V09,low,no,no,no,no,no,no,normal,no,0,0,0.0011657784957327944
V06,low,no,no,no,no,no,no,normal,no,0,0,0.0011657784957327944
V03,low,no,no,no,no,no,no,normal,no,0,0,0.0011657784957327944
V04,outlier,no,no,no,no,no,no,high,no,0,0,0.019127128450983633
V06,low,no,no,no,no,no,no,normal,no,0,0,0.0011657784957327944
V02,low,no,no,no,no,no,no,normal,no,0,0,0.0011657784957327944
V03,low,no,no,no,no,no,no,normal,no,0,0,0.0011657784957327944
V06,low,no,no,yes,no,no,no,normal,no,0,0,0.02123730864327424
V08,low,no,no,no,no,no,no,high,no,0,0,0.0011504356143843227
V13,high,no,no,no,no,no,yes,high,no,0,0,0.0005419466724474313
V05,low,no,no,no,no,no,no,high,no,0,0,0.0011504356143843227
V17,high,no,no,no,yes,yes,no,normal,yes,1,0,0.20034682080924854
V02,low,no,no,no,no,no,no,high,no,0,0,0.0011504356143843227
V19,outlier,no,no,no,no,no,no,normal,no,0,0,0.0364371091508544
V09,low,no,no,no,no,no,no,high,no,0,0,0.0011504356143843227
V17,low,no,no,no,no,no,no,high,no,0,0,0.0011504356143843227
V03,low,no,no,no,no,no,yes,high,no,0,0,0.016806479606595315
V04,low,no,no,no,no,no,no,low,no,0,0,0.011570496738585049
V10,low,no,no,no,no,no,no,normal,no,0,0,0.0011657784957327944
V11,high,no,yes,no,no,no,no,normal,no,0,0,0.015279019618155998
V07,low,no,no,no,no,no,yes,normal,no,0,0,0.011751861446028238
V08,high,no,no,no,no,no,no,high,no,0,0,3.741338800676435e-05
V08,low,no,no,no,no,no,no,normal,no,0,0,0.0011657784957327944
V02,low,no,no,no,no,no,no,normal,no,0,0,0.0011657784957327944
V13,low,no,no,no,no,no,no,low,no,0,0,0.011570496738585049
V08,low,no,no,yes,no,no,no,normal,no,0,0,0.02123730864327424
V05,low,no,no,no,no,no,no,high,no,0,0,0.0011504356143843227
V01,low,no,no,no,no,no,yes,high,no,0,0,0.016806479606595315
V13,low,no,no,no,no,no,no,normal,no,0,0,0.0011657784957327944
V12,high,no,no,no,no,no,no,high,no,0,0,3.741338800676435e-05
V05,low,no,no,no,no,no,no,normal,no,0,0,0.0011657784957327944
V14,outlier,no,no,no,no,no,no,normal,no,0,0,0.0364371091508544
V03,low,no,no,no,no,no,no,high,no,0,0,0.0011504356143843227
V09,outlier,no,no,yes,no,yes,no,low,no,0,1,0.8176804286164513
V17,low,no,yes,yes,no,no,no,normal,no,0,0,0.05412379194945735
V01,low,no,no,no,no,no,no,normal,no,0,0,0.0011657784957327944
V16,outlier,no,no,no,no,no,no,normal,no,0,0,0.0364371091508544
V14,outlier,no,no,no,no,no,no,normal,no,0,0,0.0364371091508544
V01,low,no,no,no,no,no,no,normal,no,0,0,0.0011657784957327944
V01,low,no,no,no,no,no,no,normal,no,0,0,0.0011657784957327944
V05,low,no,no,no,no,no,no,high,no,0,0,0.0011504356143843227
V08,low,no,no,no,no,no,no,high,no,0,0,0.0011504356143843227
V05,low,no,no,no,no,no,no,normal,no,0,0,0.0011657784957327944
V13,low,no,no,no,no,no,yes,high,no,0,0,0.016806479606595315
V18,low,no,no,no,no,no,no,normal,no,0,0,0.0011657784957327944
V01,low,no,yes,no,no,no,no,normal,no,0,0,0.020373043188631066
V03,low,no,no,yes,no,no,no,normal,no,0,0,0.02123730864327424
V13,low,no,no,no,no,no,no,normal,no,0,0,0.0011657784957327944
V11,low,no,no,no,no,no,no,normal,no,0,0,0.0011657784957327944
V12,low,no,no,no,no,no,no,normal,no,0,0,0.0011657784957327944
V03,high,no,no,no,no,no,no,high,no,0,0,3.741338800676435e-05
V14,low,no,no,no,no,no,no,high,no,0,0,0.0011504356143843227
V12,low,no,yes,no,no,no,no,normal,no,0,0,0.020373043188631066
V15,outlier,no,no,no,no,no,no,normal,no,0,0,0.0364371091508544
V02,low,no,no,no,no,no,no,normal,no,0,0,0.0011657784957327944
V10,low,no,no,no,no,no,no,low,no,0,0,0.011570496738585049
V05,low,no,no,no,no,no,no,normal,no,0,0,0.0011657784957327944
V08,low,no,no,no,no,no,no,normal,no,0,0,0.0011657784957327944
V01,outlier,no,no,yes,no,yes,no,normal,no,0,1,0.9914675767918089
V02,low,no,no,no,no,no,no,normal,no,0,0,0.0011657784957327944
V17,low,no,yes,no,no,no,no,normal,no,0,0,0.020373043188631066
V12,low,no,no,no,no,no,no,normal,no,0,0,0.0011657784957327944
V17,low,no,no,no,no,no,no,high,no,0,0,0.0011504356143843227
V06,low,no,no,no,no,no,no,high,no,0,0,0.0011504356143843227
V04,low,no,no,no,no,no,no,normal,no,0,0,0.0011657784957327944
V08,low,no,no,no,no,no,no,normal,no,0,0,0.0011657784957327944
V06,low,no,no,no,no,no,no,normal,no,0,0,0.0011657784957327944
V09,low,no,no,no,no,no,no,normal,no,0,0,0.0011657784957327944
V15,low,no,no,no,no,no,no,high,no,0,0,0.0011504356143843227
V09,low,no,no,no,no,no,no,high,no,0,0,0.0011504356143843227
V03,low,yes,no,no,yes,no,yes,low,yes,1,1,0.5
V10,outlier,no,no,no,no,no,no,normal,no,0,0,0.0364371091508544
V17,outlier,yes,yes,no,no,no,no,normal,yes,1,1,0.5712518555170708
V08,low,no,no,no,yes,no,no,normal,no,0,0,0.016753953322825036
V04,low,no,no,no,no,no,no,high,no,0,0,0.0011504356143843227
V09,low,no,no,no,no,no,no,normal,no,0,0,0.0011657784957327944
V16,high,no,no,yes,no,no,no,normal,yes,1,0,0.031504175252141844
V05,low,no,no,no,no,no,no,normal,no,0,0,0.0011657784957327944
V07,low,no,no,no,no,no,no,high,no,0,0,0.0011504356143843227
V13,low,no,yes,no,no,no,no,high,no,0,0,0.00925247635124375
V16,low,no,yes,no,no,no,no,normal,no,0,0,0.020373043188631066
V03,low,no,no,no,no,no,no,normal,no,0,0,0.0011657784957327944
V08,low,no,no,no,no,no,no,high,no,0,0,0.0011504356143843227
V16,low,no,no,no,no,no,no,normal,no,0,0,0.0011657784957327944
V06,low,no,no,no,no,no,no,high,no,0,0,0.0011504356143843227
V07,low,no,yes,yes,no,yes,no,normal,no,0,0,0.25036116729269
V01,low,no,no,no,no,no,no,normal,no,0,0,0.0011657784957327944
V07,low,no,no,no,no,no,no,normal,no,0,0,0.0011657784957327944
V02,outlier,no,no,no,no,no,no,low,no,0,0,0.17469282054107665
V17,high,no,no,no,no,no,no,normal,no,0,0,0.012847827346594936
V07,low,no,no,no,yes,no,no,normal,no,0,0,0.016753953322825036
V03,low,no,no,no,no,no,no,high,no,0,0,0.0011504356143843227
V15,low,no,no,no,no,no,no,normal,no,0,0,0.0011657784957327944
V04,low,no,no,no,no,yes,no,low,no,0,0,0.08600537288108967
V11,low,yes,yes,no,no,no,no,normal,no,0,0,0.04199797600115657
V02,low,no,no,no,no,no,no,normal,no,0,0,0.0011657784957327944
V01,low,no,no,no,no,no,no,high,no,0,0,0.0011504356143843227
V07,low,no,no,no,no,no,no,low,no,0,0,0.011570496738585049
V12,low,no,no,no,no,no,no,normal,no,0,0,0.0011657784957327944
V14,low,no,no,no,no,no,no,normal,no,0,0,0.0011657784957327944
V04,low,no,no,no,no,no,no,normal,no,0,0,0.0011657784957327944
V02,low,no,no,no,no,no,no,normal,no,0,0,0.0011657784957327944
V15,outlier,no,no,no,no,no,yes,high,yes,1,0,0.001730103806228374
V05,outlier,no,yes,yes,no,no,no,normal,no,0,0,0.4091625926510014
V04,outlier,no,no,no,no,no,no,high,no,0,0,0.019127128450983633
V05,low,no,no,no,no,no,no,normal,no,0,0,0.0011657784957327944
V01,low,no,no,no,no,no,no,low,no,0,0,0.011570496738585049
V12,low,no,no,no,no,no,no,low,no,0,0,0.011570496738585049
V05,low,no,no,no,no,no,no,high,no,0,0,0.0011504356143843227
V05,low,no,no,no,yes,no,yes,high,no,0,0,0.002876869965477561
V03,low,no,no,no,no,no,no,normal,no,0,0,0.0011657784957327944
V01,low,no,no,no,no,no,no,normal,no,0,0,0.0011657784957327944
V10,low,no,no,no,no,no,no,normal,no,0,0,0.0011657784957327944
V03,outlier,no,no,no,yes,no,no,normal,yes,1,0,0.21065850762626723
V03,high,no,no,yes,yes,no,no,normal,no,0,0,0.2505413598960589
V05,low,no,no,no,no,no,no,low,no,0,0,0.011570496738585049
V08,low,no,no,no,no,no,no,normal,no,0,0,0.0011657784957327944
V08,low,no,no,no,no,no,no,low,no,0,0,0.011570496738585049
V11,high,no,no,no,no,no,no,normal,no,0,0,0.012847827346594936
V06,low,yes,no,no,no,no,no,high,no,0,0,0.10034692107545533
V01,low,no,no,no,no,no,no,normal,no,0,0,0.0011657784957327944
V05,outlier,no,no,no,yes,no,no,normal,no,0,0,0.21065850762626723
V10,low,no,no,no,no,no,no,normal,no,0,0,0.0011657784957327944
V16,high,no,no,no,no,no,no,normal,no,0,0,0.012847827346594936
V09,low,no,yes,no,no,no,no,high,no,0,0,0.00925247635124375
V11,low,no,yes,no,no,no,no,normal,no,0,0,0.020373043188631066
V15,low,no,no,no,no,no,no,high,no,0,0,0.0011504356143843227
V15,outlier,no,no,no,no,no,no,high,no,0,0,0.019127128450983633
V01,low,no,no,no,no,no,no,normal,no,0,0,0.0011657784957327944
V03,low,no,no,yes,no,no,no,normal,no,0,0,0.02123730864327424
V06,high,no,no,no,no,no,no,high,no,0,0,3.741338800676435e-05
V04,high,no,no,no,no,no,no,low,no,0,0,0.08855878828842667
V10,low,no,no,no,yes,no,no,normal,no,0,0,0.016753953322825036
V03,low,no,no,no,no,no,no,high,no,0,0,0.0011504356143843227
V02,low,no,no,no,no,no,no,normal,no,0,0,0.0011657784957327944
V19,low,no,no,no,no,no,no,normal,no,0,0,0.0011657784957327944
V07,low,no,no,no,no,no,no,normal,no,0,0,0.0011657784957327944
V01,low,no,no,no,no,no,no,normal,no,0,0,0.0011657784957327944
V03,low,no,yes,no,no,no,no,normal,no,0,0,0.020373043188631066
V10,low,no,no,no,no,no,no,high,no,0,0,0.0011504356143843227
V10,low,no,no,no,no,yes,no,low,no,0,0,0.08600537288108967
V07,high,no,yes,no,no,yes,no,normal,yes,1,0,0.12581203984408837
V10,low,no,no,no,no,no,no,normal,no,0,0,0.0011657784957327944
V02,high,no,no,no,yes,no,no,low,no,0,0,0.16762839007501443
V09,low,no,no,no,no,no,no,normal,no,0,0,0.0011657784957327944
V08,low,no,no,no,yes,no,no,normal,no,0,0,0.016753953322825036
V11,low,no,no,no,no,no,no,normal,no,0,0,0.0011657784957327944
V01,high,no,yes,no,no,no,no,normal,no,0,0,0.015279019618155998
V03,low,no,yes,no,no,yes,no,low,no,0,0,0.17415899834062448
V05,low,no,no,no,no,yes,no,normal,no,0,0,0.01856838253766821
V13,low,no,yes,no,no,no,no,normal,no,0,0,0.020373043188631066
V01,low,no,no,no,no,no,no,normal,no,0,0,0.0011657784957327944
V01,low,no,no,no,no,no,no,normal,no,0,0,0.0011657784957327944
V16,low,no,no,no,no,no,no,normal,no,0,0,0.0011657784957327944
V17,low,no,no,no,no,no,no,low,no,0,0,0.011570496738585049
V15,low,no,no,no,no,no,no,normal,no,0,0,0.0011657784957327944
V05,low,no,yes,no,no,no,no,low,no,0,0,0.08965856691363142
V02,high,no,no,yes,no,no,no,low,no,0,0,0.33365421640354254
V08,low,no,no,no,no,no,no,normal,no,0,0,0.0011657784957327944
V05,low,no,no,no,no,no,no,normal,no,0,0,0.0011657784957327944
V04,low,no,no,no,no,no,no,normal,no,0,0,0.0011657784957327944
V14,low,no,no,no,no,no,yes,high,no,0,0,0.016806479606595315
V04,low,no,no,no,no,no,no,normal,no,0,0,0.0011657784957327944
V09,low,no,no,yes,no,no,no,normal,no,0,0,0.02123730864327424
V05,low,no,no,no,no,no,no,normal,no,0,0,0.0011657784957327944
V07,low,no,no,no,no,no,no,normal,no,0,0,0.0011657784957327944
V04,low,no,no,no,no,no,no,high,no,0,0,0.0011504356143843227
V13,low,no,no,no,no,no,no,low,no,0,0,0.011570496738585049
V18,low,no,no,no,no,no,no,normal,no,0,0,0.0011657784957327944
V18,low,no,no,no,no,yes,no,normal,no,0,0,0.01856838253766821
V05,low,no,no,no,no,no,no,normal,no,0,0,0.0011657784957327944
V05,low,no,no,no,no,no,no,normal,no,0,0,0.0011657784957327944
V12,outlier,no,no,no,yes,yes,no,normal,yes,1,1,0.5
V05,low,no,no,no,yes,no,no,normal,no,0,0,0.016753953322825036
V12,low,no,no,no,no,no,no,normal,no,0,0,0.0011657784957327944
V12,low,no,no,no,no,no,no,normal,no,0,0,0.0011657784957327944
V08,low,no,no,no,no,no,no,normal,no,0,0,0.0011657784957327944
V06,low,no,no,no,no,no,no,normal,no,0,0,0.0011657784957327944
V04,low,no,no,no,no,no,no,normal,no,0,0,0.0011657784957327944
V08,low,no,no,no,no,no,no,normal,no,0,0,0.0011657784957327944
V16,low,no,no,yes,no,no,no,high,no,0,0,0.00010456313522104649
V02,low,no,no,no,no,no,no,normal,no,0,0,0.0011657784957327944
V13,low,no,no,no,no,no,no,normal,no,0,0,0.0011657784957327944
V13,low,no,no,no,no,no,no,normal,no,0,0,0.0011657784957327944
V01,low,no,yes,yes,yes,yes,no,normal,no,0,0,0.002876869965477561
V04,low,no,no,no,no,no,no,normal,no,0,0,0.0011657784957327944
V03,low,no,no,yes,no,no,no,normal,no,0,0,0.02123730864327424
V09,outlier,no,no,no,no,no,no,low,no,0,0,0.17469282054107665
V06,low,no,no,no,no,no,no,normal,no,0,0,0.0011657784957327944
V10,high,no,no,yes,no,no,no,normal,no,0,0,0.031504175252141844
V18,low,no,no,no,no,no,no,normal,no,0,0,0.0011657784957327944
V02,low,no,no,no,no,no,no,low,no,0,0,0.011570496738585049
V04,high,no,no,no,no,no,no,normal,no,0,0,0.012847827346594936
V10,low,no,no,no,no,no,no,normal,no,0,0,0.0011657784957327944
V07,outlier,no,no,no,no,no,no,high,no,0,0,0.019127128450983633
V17,low,no,no,no,no,no,no,normal,no,0,0,0.0011657784957327944
V02,low,no,no,no,no,no,no,normal,no,0,0,0.0011657784957327944
V03,low,no,no,no,no,no,no,normal,no,0,0,0.0011657784957327944
V12,high,no,no,no,no,no,no,normal,no,0,0,0.012847827346594936
V05,low,no,no,no,no,no,no,normal,no,0,0,0.0011657784957327944
V13,high,no,no,no,no,no,no,normal,no,0,0,0.012847827346594936
V15,low,no,no,no,no,yes,no,normal,no,0,0,0.01856838253766821
V10,low,no,no,no,no,yes,no,normal,no,0,0,0.01856838253766821
V12,low,no,no,no,no,no,no,normal,no,0,0,0.0011657784957327944
V06,outlier,no,no,no,yes,yes,no,normal,no,0,1,0.5
V13,high,no,no,yes,no,no,no,high,no,0,0,0.15430781541744465
V20,low,no,no,no,no,no,no,normal,no,0,0,0.0011657784957327944
V01,low,no,no,yes,no,yes,no,normal,no,0,0,0.023626710230753523
V14,low,yes,yes,no,no,no,no,high,no,0,0,0.0009626492106276474
V14,low,no,no,no,no,no,no,high,no,0,0,0.0011504356143843227
V11,low,no,no,no,no,no,no,low,no,0,0,0.011570496738585049
V16,low,no,no,no,no,no,yes,high,no,0,0,0.016806479606595315
V18,low,no,no,no,no,yes,no,high,no,0,0,8.679048776254124e-05
V19,low,no,no,no,no,no,no,normal,no,0,0,0.0011657784957327944
V04,low,no,no,no,no,no,no,high,no,0,0,0.0011504356143843227
V19,low,no,yes,no,no,no,no,low,no,0,0,0.08965856691363142
V07,low,no,no,no,yes,yes,no,low,no,0,0,0.16673554572880936
V16,low,no,no,no,no,no,yes,high,no,0,0,0.016806479606595315
V01,low,no,no,no,no,yes,no,normal,no,0,0,0.01856838253766821
V06,low,no,no,no,yes,no,no,high,no,0,0,6.289466401670483e-05
V10,low,no,no,no,no,no,no,high,no,0,0,0.0011504356143843227
V03,low,no,no,no,no,no,no,normal,no,0,0,0.0011657784957327944
V12,low,no,no,no,no,no,no,normal,no,0,0,0.0011657784957327944
V12,high,no,no,no,no,no,no,high,no,0,0,3.741338800676435e-05
V12,low,no,no,no,no,no,no,normal,no,0,0,0.0011657784957327944
V15,low,no,no,no,no,no,no,normal,no,0,0,0.0011657784957327944
V15,low,no,no,no,no,no,no,high,no,0,0,0.0011504356143843227
V10,low,no,no,no,no,no,no,normal,no,0,0,0.0011657784957327944
V07,outlier,no,no,no,no,no,no,normal,no,0,0,0.0364371091508544
V02,low,no,yes,yes,no,no,no,normal,no,0,0,0.05412379194945735
V15,low,no,no,no,no,no,no,normal,no,0,0,0.0011657784957327944
V05,outlier,no,no,no,no,no,no,high,no,0,0,0.019127128450983633
V12,low,no,no,no,no,no,no,high,no,0,0,0.0011504356143843227
V06,high,no,no,no,no,no,no,low,no,0,0,0.08855878828842667
V12,low,no,no,no,no,no,no,normal,no,0,0,0.0011657784957327944
V10,low,no,yes,no,no,no,no,normal,no,0,0,0.020373043188631066
V06,low,no,no,no,yes,no,no,normal,no,0,0,0.016753953322825036
V08,high,no,no,no,no,no,no,high,no,0,0,3.741338800676435e-05
V05,high,no,no,no,no,no,no,normal,no,0,0,0.012847827346594936
V02,low,no,no,no,no,no,no,normal,no,0,0,0.0011657784957327944
V05,low,no,no,no,no,no,no,low,no,0,0,0.011570496738585049
V02,low,no,no,no,yes,yes,no,low,no,0,0,0.16673554572880936
V05,low,no,no,no,no,no,no,normal,no,0,0,0.0011657784957327944
V01,low,no,no,no,no,no,no,normal,no,0,0,0.0011657784957327944
V08,low,no,no,no,no,no,no,normal,no,0,0,0.0011657784957327944
V09,low,no,no,no,no,no,no,normal,no,0,0,0.0011657784957327944
V07,low,no,no,no,no,no,no,low,no,0,0,0.011570496738585049
V05,low,no,no,no,no,no,yes,high,no,0,0,0.016806479606595315
V10,outlier,no,no,no,yes,no,yes,normal,yes,1,1,0.6657077100115075
V17,high,no,no,no,no,no,no,high,no,0,0,3.741338800676435e-05
V01,low,no,no,no,no,yes,yes,normal,no,0,0,0.09219841958616909
V07,high,no,no,no,no,no,no,low,no,0,0,0.08855878828842667
V02,low,no,no,no,no,no,no,high,no,0,0,0.0011504356143843227
V03,low,no,no,no,no,no,no,normal,no,0,0,0.0011657784957327944
V04,low,no,no,no,no,no,no,low,no,0,0,0.011570496738585049
V01,high,no,no,no,no,no,yes,normal,no,0,0,0.10356693997246992
V07,high,no,no,no,no,no,no,normal,no,0,0,0.012847827346594936
V15,low,yes,no,no,yes,no,no,normal,no,0,0,0.11185983827493262
V02,low,no,no,no,no,no,no,high,no,0,0,0.0011504356143843227
V12,low,no,no,no,no,no,no,low,no,0,0,0.011570496738585049
V01,low,no,no,no,no,no,no,normal,no,0,0,0.0011657784957327944
V03,high,no,no,no,yes,no,no,low,no,0,0,0.16762839007501443
V08,low,no,yes,no,no,no,no,normal,no,0,0,0.020373043188631066
V11,low,no,yes,no,no,yes,no,normal,no,0,0,0.09557244341648768
V01,low,no,no,no,no,yes,yes,low,no,0,0,0.1945917285259809
V19,low,no,no,no,no,no,no,high,no,0,0,0.0011504356143843227
V11,low,no,no,no,no,no,no,low,no,0,0,0.011570496738585049
V06,low,no,no,no,yes,yes,no,normal,no,0,0,0.03035244608101
V13,low,no,no,no,yes,no,no,high,no,0,0,6.289466401670483e-05
V20,low,no,no,no,no,no,no,normal,no,0,0,0.0011657784957327944
V01,low,no,yes,no,no,no,no,normal,no,0,0,0.020373043188631066
V04,low,no,no,no,yes,no,no,normal,no,0,0,0.016753953322825036
V08,high,no,no,no,no,no,no,normal,no,0,0,0.012847827346594936
V07,high,no,no,no,no,no,yes,low,yes,1,0,0.22275702733923758
V13,low,no,yes,no,no,no,no,normal,no,0,0,0.020373043188631066
V09,low,no,no,no,no,no,yes,normal,no,0,0,0.011751861446028238
V07,low,no,no,yes,no,no,no,normal,no,0,0,0.02123730864327424
V10,low,no,no,no,no,yes,no,normal,no,0,0,0.01856838253766821
V15,outlier,no,no,no,yes,yes,no,normal,yes,1,1,0.5
V10,low,no,no,yes,no,no,no,high,no,0,0,0.00010456313522104649
V10,outlier,no,no,no,no,no,no,high,no,0,0,0.019127128450983633
V08,high,no,no,no,no,no,no,normal,no,0,0,0.012847827346594936
V08,low,no,no,no,no,no,no,normal,no,0,0,0.0011657784957327944
V04,low,no,no,no,no,no,no,normal,no,0,0,0.0011657784957327944
V02,low,no,no,no,no,no,no,high,no,0,0,0.0011504356143843227
V14,low,no,no,no,no,no,no,normal,no,0,0,0.0011657784957327944
V03,low,no,no,no,no,no,no,normal,no,0,0,0.0011657784957327944
V06,outlier,no,yes,no,no,no,yes,high,yes,1,1,0.9914675767918089
V14,low,no,no,no,no,no,no,normal,no,0,0,0.0011657784957327944
V04,low,no,no,no,no,no,no,normal,no,0,0,0.0011657784957327944
V16,low,no,no,no,no,no,no,high,no,0,0,0.0011504356143843227
V04,low,no,yes,yes,no,no,no,normal,no,0,0,0.05412379194945735
V14,low,no,no,no,no,no,no,normal,no,0,0,0.0011657784957327944
V05,high,no,no,no,no,no,no,normal,no,0,0,0.012847827346594936
V01,low,no,yes,no,no,no,no,high,no,0,0,0.00925247635124375
V03,low,no,no,no,no,no,no,normal,no,0,0,0.0011657784957327944
V09,low,no,no,no,no,no,no,normal,no,0,0,0.0011657784957327944
V06,low,no,no,no,no,yes,no,normal,no,0,0,0.01856838253766821
V01,low,no,no,no,yes,no,no,normal,no,0,0,0.016753953322825036
V11,low,no,no,no,no,no,no,normal,no,0,0,0.0011657784957327944
V05,low,no,no,no,yes,no,no,normal,no,0,0,0.016753953322825036
V03,low,yes,no,no,yes,no,no,low,no,0,0,0.004302925989672978
V06,low,no,no,no,no,no,no,low,no,0,0,0.011570496738585049
V04,low,no,no,no,no,no,no,normal,no,0,0,0.0011657784957327944
V02,low,no,no,no,no,no,no,normal,no,0,0,0.0011657784957327944
V13,low,no,no,no,no,no,no,normal,no,0,0,0.0011657784957327944
V04,low,no,no,no,no,no,no,normal,no,0,0,0.0011657784957327944
V11,low,no,no,no,no,no,no,normal,no,0,0,0.0011657784957327944
V02,low,no,no,no,no,no,no,high,no,0,0,0.0011504356143843227
V04,outlier,no,no,no,no,no,no,normal,no,0,0,0.0364371091508544
V09,low,no,no,no,no,no,no,high,no,0,0,0.0011504356143843227
V11,low,no,no,no,no,yes,no,normal,no,0,0,0.01856838253766821
V20,low,no,no,no,no,no,no,normal,no,0,0,0.0011657784957327944
V04,low,no,no,yes,no,no,no,normal,no,0,0,0.02123730864327424
V02,low,no,no,no,no,no,no,normal,no,0,0,0.0011657784957327944
V02,low,no,no,no,no,no,no,normal,no,0,0,0.0011657784957327944
V01,low,no,no,no,no,no,no,normal,no,0,0,0.0011657784957327944
V08,low,no,no,yes,yes,no,no,high,no,0,0,0.0010827197921178
V12,low,no,no,no,no,no,no,low,no,0,0,0.011570496738585049
V02,low,no,no,no,no,no,no,normal,no,0,0,0.0011657784957327944
V17,low,no,no,no,no,no,no,high,no,0,0,0.0011504356143843227
V14,low,no,no,no,no,no,no,normal,no,0,0,0.0011657784957327944
V01,low,no,no,no,no,no,no,normal,no,0,0,0.0011657784957327944
V05,low,no,no,no,no,no,no,normal,no,0,0,0.0011657784957327944
V10,low,no,no,no,yes,yes,yes,normal,no,0,0,0.2060324589159947
V03,low,no,no,no,no,no,no,high,no,0,0,0.0011504356143843227
V04,low,no,no,no,no,no,no,normal,no,0,0,0.0011657784957327944
V08,outlier,no,no,no,no,yes,no,normal,no,0,0,0.22870599900842833
V08,low,no,no,no,no,yes,yes,low,no,0,0,0.1945917285259809
V10,low,no,no,no,no,yes,no,normal,no,0,0,0.01856838253766821
V15,low,no,no,no,no,no,no,normal,no,0,0,0.0011657784957327944
V06,low,no,no,no,no,no,no,high,no,0,0,0.0011504356143843227
V03,low,no,no,no,no,no,no,normal,no,0,0,0.0011657784957327944
V18,high,no,no,no,no,no,no,normal,no,0,0,0.012847827346594936
V14,high,no,no,no,no,yes,no,low,yes,1,0,0.2693847591085013
V02,low,no,no,yes,yes,no,no,low,no,0,0,0.4001733102253033
V07,low,no,no,no,no,no,no,high,no,0,0,0.0011504356143843227
V17,low,no,no,no,no,no,no,low,no,0,0,0.011570496738585049
V04,low,no,no,no,no,yes,no,low,no,0,0,0.08600537288108967
V04,low,no,yes,yes,yes,no,no,low,no,0,0,0.40034602076124565
V04,low,no,no,no,no,no,no,normal,no,0,0,0.0011657784957327944
V08,low,no,yes,no,yes,no,no,normal,no,0,0,0.11136100758257292
V02,low,no,no,no,no,no,no,normal,no,0,0,0.0011657784957327944
V05,low,no,no,no,no,no,no,high,no,0,0,0.0011504356143843227
V17,low,no,no,no,no,yes,no,normal,no,0,0,0.01856838253766821
V20,low,no,no,no,no,no,no,normal,no,0,0,0.0011657784957327944
V01,low,no,no,no,no,no,no,normal,no,0,0,0.0011657784957327944
V03,low,no,no,no,no,no,no,normal,no,0,0,0.0011657784957327944
V02,low,no,no,no,no,no,no,normal,no,0,0,0.0011657784957327944
V05,low,no,no,no,no,no,no,high,no,0,0,0.0011504356143843227
V08,low,no,no,no,no,no,yes,normal,no,0,0,0.011751861446028238
V09,low,no,no,no,yes,yes,no,normal,no,0,0,0.03035244608101
V19,low,no,no,no,no,no,no,normal,no,0,0,0.0011657784957327944
V18,low,no,no,no,yes,no,no,normal,no,0,0,0.016753953322825036
V06,low,no,yes,no,no,no,no,normal,no,0,0,0.020373043188631066
V04,low,no,no,no,no,no,no,high,no,0,0,0.0011504356143843227
V12,low,no,no,no,no,yes,no,high,no,0,0,8.679048776254124e-05
V14,low,no,yes,yes,no,no,no,normal,no,0,0,0.05412379194945735
V06,low,no,no,no,no,no,no,normal,no,0,0,0.0011657784957327944
V18,low,yes,yes,yes,yes,no,no,normal,no,0,1,0.5
V04,high,no,yes,yes,no,yes,no,low,yes,1,1,0.7137555665512123
V06,low,no,no,no,no,no,no,normal,no,0,0,0.0011657784957327944
V11,low,no,no,no,yes,yes,no,normal,no,0,0,0.03035244608101
V03,low,no,no,no,no,no,no,normal,no,0,0,0.0011657784957327944
V02,low,no,no,no,no,no,no,normal,no,0,0,0.0011657784957327944
V08,low,no,no,no,no,no,no,normal,no,0,0,0.0011657784957327944
V05,low,no,no,no,no,no,no,normal,no,0,0,0.0011657784957327944
V07,high,no,no,no,no,no,no,normal,no,0,0,0.012847827346594936
V03,low,no,yes,yes,yes,yes,no,low,yes,1,1,0.9985574148874784
V07,low,no,no,no,no,no,no,normal,no,0,0,0.0011657784957327944
V10,low,no,no,no,no,no,no,normal,no,0,0,0.0011657784957327944
V10,low,no,no,no,yes,yes,no,normal,no,0,0,0.03035244608101
V15,low,no,no,no,no,yes,no,normal,no,0,0,0.01856838253766821
V16,low,no,no,no,yes,yes,yes,normal,no,0,0,0.2060324589159947
V01,low,no,no,no,no,no,no,normal,no,0,0,0.0011657784957327944
V03,low,no,no,no,yes,yes,no,normal,no,0,0,0.03035244608101
V01,low,no,no,no,no,no,no,normal,no,0,0,0.0011657784957327944
V13,low,no,no,no,yes,no,no,normal,no,0,0,0.016753953322825036
V14,low,no,no,no,no,no,no,normal,no,0,0,0.0011657784957327944
V18,outlier,no,no,no,no,no,no,normal,no,0,0,0.0364371091508544
V06,low,no,no,yes,yes,no,no,normal,no,0,0,0.00037713078895761044
V12,low,no,no,yes,no,no,no,normal,no,0,0,0.02123730864327424
V06,low,no,no,no,no,no,no,high,no,0,0,0.0011504356143843227
V02,low,no,no,no,no,no,yes,normal,no,0,0,0.011751861446028238
V07,low,no,no,no,no,yes,no,normal,no,0,0,0.01856838253766821
V06,low,no,no,no,no,no,no,normal,no,0,0,0.0011657784957327944
V16,low,no,no,no,no,no,no,low,no,0,0,0.011570496738585049
V11,low,no,no,no,no,no,no,normal,no,0,0,0.0011657784957327944
V03,low,no,yes,yes,no,no,no,normal,no,0,0,0.05412379194945735
V11,low,yes,yes,yes,yes,yes,yes,normal,yes,1,1,0.5
V07,high,no,no,no,no,no,no,normal,no,0,0,0.012847827346594936
V04,outlier,no,no,no,yes,no,no,normal,no,0,0,0.21065850762626723
V12,low,no,no,no,no,no,no,normal,no,0,0,0.0011657784957327944
V13,high,no,no,no,no,yes,no,low,no,0,0,0.2693847591085013
V14,low,no,no,no,no,no,no,normal,no,0,0,0.0011657784957327944
V04,low,no,no,no,no,no,no,normal,no,0,0,0.0011657784957327944
V02,outlier,no,no,no,no,no,no,normal,no,0,0,0.0364371091508544
V09,low,no,no,no,no,no,yes,high,no,0,0,0.016806479606595315
V07,low,no,no,no,no,yes,no,low,no,0,0,0.08600537288108967
V05,low,no,no,no,no,no,no,normal,no,0,0,0.0011657784957327944
V01,low,no,no,no,no,no,yes,high,no,0,0,0.016806479606595315
V01,low,no,no,no,yes,no,no,normal,no,0,0,0.016753953322825036
V01,low,yes,no,yes,no,no,no,high,no,0,0,0.008532423208191127
V09,low,no,no,no,yes,no,no,high,no,0,0,6.289466401670483e-05
V12,low,no,no,no,no,no,yes,normal,no,0,0,0.011751861446028238
V05,high,no,no,no,no,no,no,high,no,0,0,3.741338800676435e-05
V04,low,no,no,no,no,no,no,normal,no,0,0,0.0011657784957327944
V03,low,no,no,no,no,no,no,normal,no,0,0,0.0011657784957327944
V02,low,no,no,no,no,no,no,normal,no,0,0,0.0011657784957327944
V13,low,no,no,no,no,no,no,low,no,0,0,0.011570496738585049
V10,low,no,no,no,no,no,no,normal,no,0,0,0.0011657784957327944
V18,low,no,no,no,no,no,no,high,no,0,0,0.0011504356143843227
V12,low,no,no,no,no,no,no,normal,no,0,0,0.0011657784957327944
V08,low,no,no,no,no,no,no,normal,no,0,0,0.0011657784957327944
V03,low,no,no,no,yes,yes,no,normal,no,0,0,0.03035244608101
V12,high,no,no,no,no,no,no,normal,no,0,0,0.012847827346594936
V04,low,no,no,no,no,no,no,high,no,0,0,0.0011504356143843227
V07,low,no,no,no,no,no,no,normal,no,0,0,0.0011657784957327944
V07,low,no,no,no,no,no,no,normal,no,0,0,0.0011657784957327944
V07,high,no,no,no,yes,yes,no,high,no,0,0,0.001730103806228374
V09,low,no,no,no,no,no,no,normal,no,0,0,0.0011657784957327944
V11,low,no,no,yes,no,yes,no,normal,no,0,0,0.023626710230753523
V03,low,no,no,no,no,no,no,normal,no,0,0,0.0011657784957327944
V10,low,no,no,no,yes,no,no,normal,no,0,0,0.016753953322825036
V02,low,no,no,no,no,no,no,normal,no,0,0,0.0011657784957327944
V07,low,no,no,yes,no,no,no,normal,no,0,0,0.02123730864327424
V17,low,no,no,no,no,yes,no,normal,no,0,0,0.01856838253766821
V16,low,no,no,no,no,yes,no,normal,no,0,0,0.01856838253766821
V06,high,no,no,no,no,no,no,low,no,0,0,0.08855878828842667
V10,outlier,no,no,no,no,no,no,normal,no,0,0,0.0364371091508544
V12,low,no,no,no,no,no,no,low,no,0,0,0.011570496738585049
V06,high,no,no,no,no,no,no,normal,no,0,0,0.012847827346594936
V08,high,no,yes,no,yes,yes,yes,low,yes,1,1,0.5
V10,high,no,no,no,no,no,no,normal,no,0,0,0.012847827346594936
V08,outlier,no,no,no,no,no,no,normal,no,0,0,0.0364371091508544
V01,outlier,no,no,no,yes,yes,no,low,yes,1,1,0.5453829183737787
V11,low,no,no,no,no,no,no,normal,no,0,0,0.0011657784957327944
V10,high,no,no,no,yes,no,no,low,no,0,0,0.16762839007501443
V12,low,no,no,no,no,no,no,high,no,0,0,0.0011504356143843227
V07,low,no,no,no,no,no,no,normal,no,0,0,0.0011657784957327944
V08,low,no,no,no,no,no,no,normal,no,0,0,0.0011657784957327944
V03,low,no,no,no,no,no,no,normal,no,0,0,0.0011657784957327944
V05,outlier,no,no,yes,no,no,no,low,no,0,1,0.5
V03,low,no,no,no,no,no,no,high,no,0,0,0.0011504356143843227
V16,low,no,no,yes,no,yes,no,low,yes,1,0,0.27667823646702605
V05,low,no,no,no,no,no,no,low,no,0,0,0.011570496738585049
V13,low,no,no,no,no,no,no,normal,no,0,0,0.0011657784957327944
V01,low,no,no,yes,no,no,no,normal,no,0,0,0.02123730864327424
V07,low,no,no,no,no,no,no,normal,no,0,0,0.0011657784957327944
V05,low,yes,no,no,no,yes,yes,low,yes,1,1,0.9971231300345225
V15,low,no,no,no,no,yes,no,low,no,0,0,0.08600537288108967
V12,low,no,no,no,no,yes,no,normal,no,0,0,0.01856838253766821
V02,low,no,no,no,no,no,no,normal,no,0,0,0.0011657784957327944
V02,outlier,no,no,no,no,no,no,low,no,0,0,0.17469282054107665
V05,high,no,no,no,no,yes,no,low,yes,1,0,0.2693847591085013
V01,outlier,no,no,no,no,no,no,normal,no,0,0,0.0364371091508544
V09,low,no,no,no,no,no,no,normal,no,0,0,0.0011657784957327944
V05,low,no,no,no,no,no,no,normal,no,0,0,0.0011657784957327944
V02,low,no,no,no,no,no,no,normal,no,0,0,0.0011657784957327944
V06,low,no,no,no,no,no,no,high,no,0,0,0.0011504356143843227
V10,low,no,no,no,no,no,no,normal,no,0,0,0.0011657784957327944
V01,low,no,no,no,yes,no,no,low,yes,1,0,0.14481797834924404
V09,low,no,yes,no,yes,no,no,normal,no,0,0,0.11136100758257292
V05,low,no,yes,no,no,no,no,normal,no,0,0,0.020373043188631066
V09,low,no,no,no,no,no,no,low,no,0,0,0.011570496738585049
V10,low,no,no,no,no,no,no,normal,no,0,0,0.0011657784957327944
V01,low,no,yes,no,no,no,no,normal,no,0,0,0.020373043188631066
V01,low,no,no,no,no,no,no,normal,no,0,0,0.0011657784957327944
V03,low,no,no,no,no,no,no,normal,no,0,0,0.0011657784957327944
V10,outlier,no,no,no,no,no,no,low,no,0,0,0.17469282054107665
V09,low,no,no,no,no,no,no,normal,no,0,0,0.0011657784957327944
V18,low,no,no,no,no,yes,no,normal,no,0,0,0.01856838253766821
V16,low,no,no,no,no,no,no,normal,no,0,0,0.0011657784957327944
V03,low,no,no,no,yes,no,no,normal,no,0,0,0.016753953322825036
V18,outlier,no,no,no,yes,no,no,normal,yes,1,0,0.21065850762626723
V04,low,no,no,no,no,no,no,normal,no,0,0,0.0011657784957327944
V16,low,no,no,no,no,no,no,low,no,0,0,0.011570496738585049
V10,low,no,no,no,no,no,no,normal,no,0,0,0.0011657784957327944
V09,low,no,no,no,no,no,no,high,no,0,0,0.0011504356143843227
V11,high,no,no,no,no,no,no,normal,no,0,0,0.012847827346594936
V10,low,no,no,no,no,yes,no,normal,no,0,0,0.01856838253766821
V03,low,no,no,no,no,no,yes,normal,no,0,0,0.011751861446028238
V09,outlier,no,no,no,no,no,no,normal,no,0,0,0.0364371091508544
V11,high,no,no,no,no,no,no,normal,no,0,0,0.012847827346594936
V03,low,no,no,no,no,no,no,normal,no,0,0,0.0011657784957327944
V01,high,no,no,no,no,no,no,normal,no,0,0,0.012847827346594936
V03,low,no,no,no,no,no,no,high,no,0,0,0.0011504356143843227
V01,low,no,no,no,no,no,no,high,no,0,0,0.0011504356143843227
V04,low,no,yes,no,no,no,no,normal,no,0,0,0.020373043188631066
V01,low,no,no,no,no,no,no,low,no,0,0,0.011570496738585049
V03,low,no,no,no,no,no,no,normal,no,0,0,0.0011657784957327944
V10,low,no,no,no,no,no,no,normal,no,0,0,0.0011657784957327944
V11,outlier,no,no,no,no,no,no,normal,no,0,0,0.0364371091508544
V11,low,no,no,no,no,no,no,normal,no,0,0,0.0011657784957327944
V05,low,no,yes,no,no,no,no,normal,no,0,0,0.020373043188631066
V17,low,yes,yes,yes,no,no,no,low,yes,1,1,0.5
V09,low,no,no,no,no,no,no,low,no,0,0,0.011570496738585049
V05,high,no,no,yes,no,no,no,normal,no,0,0,0.031504175252141844
V04,low,no,no,no,no,yes,no,normal,no,0,0,0.01856838253766821
V03,low,no,no,no,no,no,no,normal,no,0,0,0.0011657784957327944
V14,outlier,no,no,no,no,no,no,normal,no,0,0,0.0364371091508544
V07,low,no,no,no,no,no,no,normal,no,0,0,0.0011657784957327944
V14,low,no,no,no,no,no,no,normal,no,0,0,0.0011657784957327944
V09,low,no,no,no,no,no,no,normal,no,0,0,0.0011657784957327944
V03,low,no,no,no,no,no,no,normal,no,0,0,0.0011657784957327944
V01,high,no,no,no,no,no,no,normal,no,0,0,0.012847827346594936
V04,low,no,no,no,no,no,no,normal,no,0,0,0.0011657784957327944
V04,low,no,no,no,no,no,no,normal,no,0,0,0.0011657784957327944
V08,high,no,no,yes,no,no,no,low,yes,1,0,0.33365421640354254
V18,low,no,no,no,no,yes,no,low,no,0,0,0.08600537288108967
V11,low,no,no,no,no,no,no,normal,no,0,0,0.0011657784957327944
V12,low,no,no,no,no,no,no,normal,no,0,0,0.0011657784957327944
V04,high,no,no,no,no,yes,yes,normal,no,0,0,0.2730854081311062
V15,low,no,no,no,no,no,no,high,no,0,0,0.0011504356143843227
V04,low,no,no,no,no,no,no,normal,no,0,0,0.0011657784957327944
V02,low,no,no,no,no,no,no,normal,no,0,0,0.0011657784957327944
V01,low,no,no,no,no,no,no,normal,no,0,0,0.0011657784957327944
V05,low,no,no,no,no,no,no,low,no,0,0,0.011570496738585049
V06,low,no,no,no,no,no,no,normal,no,0,0,0.0011657784957327944
V08,low,no,no,no,no,no,no,high,no,0,0,0.0011504356143843227
V03,low,yes,no,no,no,no,no,normal,no,0,0,0.026423971132325398
V17,low,no,no,no,no,no,no,high,no,0,0,0.0011504356143843227
V04,low,no,no,no,no,no,no,low,no,0,0,0.011570496738585049
V07,low,no,no,no,no,no,no,normal,no,0,0,0.0011657784957327944
V01,low,no,no,no,no,no,no,high,no,0,0,0.0011504356143843227
V05,high,no,no,no,no,yes,no,low,no,0,0,0.2693847591085013
V04,low,no,no,no,no,no,no,high,no,0,0,0.0011504356143843227
V05,low,no,no,no,no,no,no,high,no,0,0,0.0011504356143843227
V05,low,no,no,no,no,no,no,normal,no,0,0,0.0011657784957327944
V11,high,no,no,no,no,no,no,normal,no,0,0,0.012847827346594936
V06,low,no,no,no,no,no,no,normal,no,0,0,0.0011657784957327944
V05,low,yes,yes,no,yes,no,no,normal,no,0,1,0.5
V03,low,no,no,no,no,no,no,normal,no,0,0,0.0011657784957327944
V02,low,no,no,no,no,no,no,normal,no,0,0,0.0011657784957327944
V04,low,no,no,no,no,yes,no,high,no,0,0,8.679048776254124e-05
V06,low,no,yes,no,no,no,no,normal,no,0,0,0.020373043188631066
V11,outlier,no,yes,yes,yes,yes,yes,normal,yes,1,1,0.9914675767918089
V06,low,no,no,no,no,yes,yes,low,yes,1,0,0.1945917285259809
V08,outlier,no,yes,yes,yes,no,no,normal,yes,1,1,0.798961937716263
V08,low,no,yes,no,no,no,no,high,no,0,0,0.00925247635124375
V11,low,no,no,yes,no,no,no,normal,no,0,0,0.02123730864327424
V08,low,no,no,no,no,no,no,normal,no,0,0,0.0011657784957327944
V01,low,no,no,no,no,no,no,normal,no,0,0,0.0011657784957327944
V02,low,no,no,yes,no,yes,no,low,no,0,0,0.27667823646702605
V07,low,no,no,no,no,no,no,normal,no,0,0,0.0011657784957327944
V02,outlier,no,yes,no,no,no,no,high,no,0,0,0.10562351652364432
V07,high,no,no,no,no,no,no,high,no,0,0,3.741338800676435e-05
V05,low,no,yes,no,no,no,no,normal,no,0,0,0.020373043188631066
V08,low,no,no,no,no,no,no,high,no,0,0,0.0011504356143843227
V05,low,no,no,no,yes,yes,no,high,no,0,0,0.0002478929102627665
V05,low,no,no,no,no,no,no,normal,no,0,0,0.0011657784957327944
V05,outlier,no,no,no,no,no,no,low,no,0,0,0.17469282054107665
V08,high,no,no,no,no,no,no,high,no,0,0,3.741338800676435e-05
V04,low,no,no,no,no,no,no,normal,no,0,0,0.0011657784957327944
V04,high,no,yes,no,no,yes,no,normal,yes,1,0,0.12581203984408837
V15,low,no,no,no,no,no,no,normal,no,0,0,0.0011657784957327944
V12,high,no,no,no,no,no,no,normal,no,0,0,0.012847827346594936
V01,low,no,no,no,no,no,no,high,no,0,0,0.0011504356143843227
V02,high,no,no,no,no,no,no,normal,no,0,0,0.012847827346594936
V01,low,no,no,no,no,no,no,low,no,0,0,0.011570496738585049
V02,low,no,no,no,no,no,no,normal,no,0,0,0.0011657784957327944
V01,low,no,no,no,no,no,no,normal,no,0,0,0.0011657784957327944
V15,low,no,no,no,no,no,no,normal,no,0,0,0.0011657784957327944
V08,low,no,no,no,yes,no,no,normal,no,0,0,0.016753953322825036
V08,low,no,no,no,no,no,no,normal,no,0,0,0.0011657784957327944
V02,low,no,no,no,no,no,no,low,no,0,0,0.011570496738585049
V08,low,no,no,no,no,no,no,high,no,0,0,0.0011504356143843227
V02,low,no,no,no,no,no,no,normal,no,0,0,0.0011657784957327944
V12,low,no,no,no,no,yes,yes,low,no,0,0,0.1945917285259809
V10,low,no,no,no,no,no,no,normal,no,0,0,0.0011657784957327944
V04,low,no,no,no,no,no,no,normal,no,0,0,0.0011657784957327944
V05,low,no,no,no,no,no,no,normal,no,0,0,0.0011657784957327944
V12,low,no,no,no,no,no,no,normal,no,0,0,0.0011657784957327944
V17,high,no,yes,yes,no,no,no,low,no,0,1,0.5996539792387543
V09,low,no,no,no,no,no,no,normal,no,0,0,0.0011657784957327944
V05,low,no,no,no,no,no,no,normal,no,0,0,0.0011657784957327944
V05,low,no,no,no,no,no,no,normal,no,0,0,0.0011657784957327944
V05,low,no,no,no,no,no,no,normal,no,0,0,0.0011657784957327944
V09,low,no,no,no,no,no,no,normal,no,0,0,0.0011657784957327944
V01,high,no,no,no,yes,no,no,normal,no,0,0,0.03137712209144655
V13,high,no,no,no,no,no,no,normal,no,0,0,0.012847827346594936
V08,low,no,no,no,no,no,no,normal,no,0,0,0.0011657784957327944
V06,low,no,no,no,no,no,no,normal,no,0,0,0.0011657784957327944
V05,high,no,no,no,no,no,no,normal,no,0,0,0.012847827346594936
V04,low,no,no,no,no,no,no,low,no,0,0,0.011570496738585049
V06,low,no,no,no,no,no,no,normal,no,0,0,0.0011657784957327944
V18,low,no,no,no,no,no,no,low,no,0,0,0.011570496738585049
V06,low,no,no,no,no,yes,yes,low,no,0,0,0.1945917285259809
V01,low,no,no,no,no,no,no,normal,no,0,0,0.0011657784957327944
V01,low,no,no,no,no,no,no,high,no,0,0,0.0011504356143843227
V11,low,no,no,no,no,no,no,normal,no,0,0,0.0011657784957327944
V07,low,no,no,no,no,no,no,normal,no,0,0,0.0011657784957327944
V11,low,no,no,no,no,no,no,normal,no,0,0,0.0011657784957327944
V01,low,no,no,no,no,no,no,normal,no,0,0,0.0011657784957327944
V13,low,no,no,no,no,no,no,normal,no,0,0,0.0011657784957327944
V02,high,no,no,no,no,no,no,high,no,0,0,3.741338800676435e-05
V07,low,no,no,no,no,no,no,low,no,0,0,0.011570496738585049
V09,high,no,no,no,no,no,no,normal,no,0,0,0.012847827346594936
V08,low,no,no,no,no,no,no,normal,no,0,0,0.0011657784957327944
V08,low,no,no,yes,no,no,no,normal,no,0,0,0.02123730864327424
V04,outlier,no,yes,no,no,yes,yes,normal,yes,1,1,0.9956970740103269
V14,low,no,no,no,no,no,no,normal,no,0,0,0.0011657784957327944
V06,low,no,no,no,no,no,yes,low,no,0,0,0.1501518438177874
V14,low,no,no,no,no,no,no,normal,no,0,0,0.0011657784957327944
V03,outlier,no,yes,yes,no,no,yes,normal,yes,1,0,0.3342922899884926
V08,outlier,no,yes,yes,yes,no,no,normal,no,0,1,0.798961937716263
V06,high,no,no,no,no,no,no,normal,no,0,0,0.012847827346594936
V01,low,no,no,no,no,no,no,normal,no,0,0,0.0011657784957327944
V04,low,no,no,no,no,no,no,high,no,0,0,0.0011504356143843227
V10,low,no,no,no,no,no,no,high,no,0,0,0.0011504356143843227
V20,low,no,no,no,no,no,no,normal,no,0,0,0.0011657784957327944
V07,low,no,no,no,no,no,no,normal,no,0,0,0.0011657784957327944
V02,low,no,no,yes,no,yes,no,low,no,0,0,0.27667823646702605
V14,low,no,yes,yes,no,no,no,low,no,0,0,0.15430781541744465
V05,low,no,yes,yes,no,no,no,normal,no,0,0,0.05412379194945735
V01,low,no,no,no,yes,no,yes,normal,no,0,0,0.30034662045060656
V02,low,no,no,no,no,no,yes,normal,no,0,0,0.011751861446028238
V06,low,no,no,no,no,no,no,normal,no,0,0,0.0011657784957327944
V03,low,no,no,no,no,no,no,normal,no,0,0,0.0011657784957327944
V04,low,no,no,no,no,no,no,high,no,0,0,0.0011504356143843227
V13,low,no,no,no,no,no,no,normal,no,0,0,0.0011657784957327944
V06,low,no,no,no,no,no,no,normal,no,0,0,0.0011657784957327944
V05,low,no,no,no,no,no,no,high,no,0,0,0.0011504356143843227
V01,low,no,no,no,no,no,no,normal,no,0,0,0.0011657784957327944
V04,low,no,no,no,no,no,no,normal,no,0,0,0.0011657784957327944
V04,low,no,no,no,no,no,no,normal,no,0,0,0.0011657784957327944
V07,low,no,no,no,no,no,no,normal,no,0,0,0.0011657784957327944
V05,low,no,no,no,no,no,no,normal,no,0,0,0.0011657784957327944
V04,low,no,no,no,no,no,yes,normal,no,0,0,0.011751861446028238
V11,low,no,no,no,no,no,no,normal,no,0,0,0.0011657784957327944
V12,low,no,no,no,no,no,no,normal,no,0,0,0.0011657784957327944
V07,low,no,no,no,no,no,no,normal,no,0,0,0.0011657784957327944
V08,low,no,no,no,no,no,no,normal,no,0,0,0.0011657784957327944
V10,high,no,no,no,yes,no,yes,low,no,0,0,0.008532423208191127
V17,low,yes,yes,no,no,no,no,normal,no,0,0,0.04199797600115657
V01,low,no,no,no,no,no,no,high,no,0,0,0.0011504356143843227
V02,low,no,no,no,no,no,no,normal,no,0,0,0.0011657784957327944
V05,low,no,no,no,no,no,no,normal,no,0,0,0.0011657784957327944
V11,outlier,no,no,no,no,no,no,normal,no,0,0,0.0364371091508544
V02,outlier,no,yes,no,yes,no,no,normal,no,0,1,0.5
V08,low,no,no,yes,no,no,no,normal,no,0,0,0.02123730864327424
V05,low,no,no,no,no,no,no,normal,no,0,0,0.0011657784957327944
V04,low,no,no,no,no,no,no,normal,no,0,0,0.0011657784957327944
V01,low,no,no,no,no,no,no,normal,no,0,0,0.0011657784957327944
V03,low,no,no,no,no,no,no,normal,no,0,0,0.0011657784957327944
V03,high,no,no,no,no,no,no,normal,no,0,0,0.012847827346594936
V07,low,no,no,no,no,no,no,normal,no,0,0,0.0011657784957327944
V01,low,no,no,no,no,no,no,high,no,0,0,0.0011504356143843227
V11,low,no,no,no,no,yes,no,normal,no,0,0,0.01856838253766821
V11,low,no,no,no,no,no,no,normal,no,0,0,0.0011657784957327944
V09,low,no,no,no,no,no,no,normal,no,0,0,0.0011657784957327944
V10,low,no,no,no,no,yes,no,high,no,0,0,8.679048776254124e-05
V07,high,no,no,no,no,yes,no,high,no,0,0,0.14329947981174138
V14,low,no,no,no,no,no,no,high,no,0,0,0.0011504356143843227
V04,outlier,no,no,no,no,no,no,high,no,0,0,0.019127128450983633
V15,outlier,no,no,no,no,no,no,normal,no,0,0,0.0364371091508544
V07,low,no,no,no,no,no,no,normal,no,0,0,0.0011657784957327944
V07,low,no,no,no,no,no,no,high,no,0,0,0.0011504356143843227
V03,low,no,yes,no,yes,no,no,high,no,0,0,0.0014425851125216388
V05,outlier,no,yes,yes,no,no,yes,low,yes,1,1,0.5
V11,low,no,no,no,no,no,no,normal,no,0,0,0.0011657784957327944
V03,low,no,no,yes,yes,yes,no,low,yes,1,1,0.6920512136569752
V08,low,no,no,no,no,yes,no,low,no,0,0,0.08600537288108967
V08,low,no,no,no,no,no,no,low,no,0,0,0.011570496738585049
V04,low,no,no,no,no,no,no,low,no,0,0,0.011570496738585049
V10,low,no,no,no,no,no,no,normal,no,0,0,0.0011657784957327944
V10,low,no,no,no,no,no,no,normal,no,0,0,0.0011657784957327944
V05,low,no,no,yes,no,no,no,normal,no,0,0,0.02123730864327424
V05,low,no,yes,no,no,no,no,normal,no,0,0,0.020373043188631066
V14,low,no,no,no,no,no,no,normal,no,0,0,0.0011657784957327944
V11,outlier,no,no,no,no,no,no,high,no,0,0,0.019127128450983633
V06,low,no,no,yes,no,no,no,normal,no,0,0,0.02123730864327424
V10,low,no,no,yes,no,no,no,high,no,0,0,0.00010456313522104649
V17,low,no,no,no,no,no,no,normal,no,0,0,0.0011657784957327944
V03,low,no,no,no,no,no,no,normal,no,0,0,0.0011657784957327944
V14,low,no,no,no,no,no,no,low,no,0,0,0.011570496738585049
V01,low,no,no,no,no,no,no,normal,no,0,0,0.0011657784957327944
V05,low,no,no,no,no,no,no,normal,no,0,0,0.0011657784957327944
V06,low,no,no,no,no,no,no,normal,no,0,0,0.0011657784957327944
V04,low,no,no,no,no,no,no,normal,no,0,0,0.0011657784957327944
V11,low,no,no,no,yes,no,no,low,no,0,0,0.14481797834924404
V02,low,no,no,no,no,no,no,normal,no,0,0,0.0011657784957327944
V05,low,no,no,no,no,no,no,high,no,0,0,0.0011504356143843227
V06,low,no,no,no,no,no,no,low,no,0,0,0.011570496738585049
V15,low,no,no,no,no,no,no,normal,no,0,0,0.0011657784957327944
V01,low,no,no,no,no,yes,no,normal,no,0,0,0.01856838253766821
V18,low,no,no,no,no,no,no,normal,no,0,0,0.0011657784957327944
V03,low,no,no,no,no,no,no,high,no,0,0,0.0011504356143843227
V20,low,no,no,no,no,no,no,normal,no,0,0,0.0011657784957327944
V06,low,no,no,no,no,no,no,normal,no,0,0,0.0011657784957327944
V01,low,no,no,no,no,no,no,high,no,0,0,0.0011504356143843227
V02,low,no,no,no,no,no,no,normal,no,0,0,0.0011657784957327944
V14,low,no,no,yes,no,no,no,normal,no,0,0,0.02123730864327424
V18,low,no,no,no,yes,yes,no,normal,no,0,0,0.03035244608101
V07,high,no,no,no,no,no,no,normal,no,0,0,0.012847827346594936
V08,low,no,no,no,no,no,no,normal,no,0,0,0.0011657784957327944
V12,low,no,no,no,no,no,no,low,no,0,0,0.011570496738585049
V05,low,no,no,no,no,no,no,high,no,0,0,0.0011504356143843227
V11,low,no,no,no,no,no,no,normal,no,0,0,0.0011657784957327944
V03,low,no,no,no,no,no,no,normal,no,0,0,0.0011657784957327944
V14,low,no,no,no,no,yes,no,low,no,0,0,0.08600537288108967
V12,low,no,no,no,no,no,no,normal,no,0,0,0.0011657784957327944
V10,low,no,no,no,no,yes,yes,normal,no,0,0,0.09219841958616909
V01,low,no,no,no,no,no,no,high,no,0,0,0.0011504356143843227
V01,outlier,yes,yes,no,no,yes,no,normal,yes,1,0,0.008532423208191127
V19,outlier,no,no,no,yes,yes,no,normal,yes,1,1,0.5
V02,low,no,no,no,no,no,no,normal,no,0,0,0.0011657784957327944
V04,high,no,no,yes,yes,yes,no,high,yes,1,1,0.5
V03,high,no,no,no,no,no,no,normal,no,0,0,0.012847827346594936
V09,high,no,no,no,no,no,no,high,no,0,0,3.741338800676435e-05
V02,low,no,no,no,no,yes,no,low,yes,1,0,0.08600537288108967
V13,low,no,no,no,no,no,no,normal,no,0,0,0.0011657784957327944
V03,low,no,yes,no,no,yes,no,normal,no,0,0,0.09557244341648768
V08,low,no,no,no,no,no,no,high,no,0,0,0.0011504356143843227
V01,low,no,no,no,yes,no,no,high,no,0,0,6.289466401670483e-05
V13,low,no,no,no,no,no,no,normal,no,0,0,0.0011657784957327944
V05,low,no,no,no,no,no,no,normal,no,0,0,0.0011657784957327944
V12,high,no,no,no,no,no,no,low,no,0,0,0.08855878828842667
V02,low,no,no,no,no,no,no,normal,no,0,0,0.0011657784957327944
V06,low,no,no,no,no,yes,yes,normal,no,0,0,0.09219841958616909
V12,high,no,no,no,yes,yes,no,low,no,0,1,0.5998266897746967
V10,low,no,no,no,no,no,no,normal,no,0,0,0.0011657784957327944
V07,low,no,no,no,no,no,no,low,no,0,0,0.011570496738585049
V03,low,no,no,no,no,no,no,normal,no,0,0,0.0011657784957327944
V10,low,no,no,no,no,no,no,normal,no,0,0,0.0011657784957327944
V02,low,no,no,no,no,no,no,normal,no,0,0,0.0011657784957327944
V10,low,no,yes,no,yes,no,no,high,no,0,0,0.0014425851125216388
V08,low,no,no,no,no,no,no,normal,no,0,0,0.0011657784957327944
V14,low,no,no,no,no,no,no,normal,no,0,0,0.0011657784957327944
V02,high,no,no,no,no,no,no,normal,no,0,0,0.012847827346594936
V09,low,no,no,no,no,no,no,low,no,0,0,0.011570496738585049
V02,low,no,no,no,no,no,no,high,no,0,0,0.0011504356143843227
V03,high,no,no,no,no,no,no,normal,no,0,0,0.012847827346594936
V10,low,no,no,no,no,yes,no,normal,no,0,0,0.01856838253766821
V15,low,no,no,no,no,no,no,normal,no,0,0,0.0011657784957327944
V19,low,no,no,no,no,no,no,low,no,0,0,0.011570496738585049
V01,low,no,no,no,no,yes,no,normal,no,0,0,0.01856838253766821
V05,low,no,no,no,no,no,no,normal,no,0,0,0.0011657784957327944
V09,low,no,yes,no,no,no,no,normal,no,0,0,0.020373043188631066
V01,low,no,no,no,yes,no,no,normal,no,0,0,0.016753953322825036
V03,low,no,no,no,no,no,no,normal,no,0,0,0.0011657784957327944
V01,low,no,no,no,no,no,no,normal,no,0,0,0.0011657784957327944
V05,low,no,no,no,no,no,no,normal,no,0,0,0.0011657784957327944
V04,low,no,no,yes,no,no,no,low,no,0,0,0.07913964745638871
V19,low,no,no,no,no,no,no,high,no,0,0,0.0011504356143843227
V08,low,no,no,no,yes,yes,no,normal,no,0,0,0.03035244608101
V01,low,yes,yes,no,no,no,no,low,no,0,0,0.20103806228373705
V15,low,no,no,no,no,no,no,normal,no,0,0,0.0011657784957327944
V10,low,no,no,no,no,no,no,high,no,0,0,0.0011504356143843227
V06,low,no,no,no,no,no,no,normal,no,0,0,0.0011657784957327944
V08,low,no,no,no,no,no,no,high,no,0,0,0.0011504356143843227
V12,low,no,no,no,no,yes,no,normal,no,0,0,0.01856838253766821
V04,low,no,no,no,no,no,no,normal,no,0,0,0.0011657784957327944
V08,low,no,no,no,no,yes,no,high,no,0,0,8.679048776254124e-05
V03,low,no,no,no,no,no,no,normal,no,0,0,0.0011657784957327944
V20,low,no,no,no,no,no,no,high,no,0,0,0.0011504356143843227
V15,low,no,no,no,no,no,no,normal,no,0,0,0.0011657784957327944
V03,low,no,no,no,no,no,no,high,no,0,0,0.0011504356143843227
V04,low,no,no,no,no,no,no,normal,no,0,0,0.0011657784957327944
V09,low,no,no,no,no,no,no,normal,no,0,0,0.0011657784957327944
V07,low,no,no,no,no,no,no,low,no,0,0,0.011570496738585049
V02,low,no,no,no,no,no,no,normal,no,0,0,0.0011657784957327944
V01,low,no,no,no,yes,yes,yes,normal,no,0,0,0.2060324589159947
V12,low,no,yes,no,yes,yes,no,low,yes,1,0,0.001730103806228374
V03,low,no,yes,no,no,no,yes,high,no,0,0,0.3342922899884926
V07,low,yes,no,no,no,no,no,high,no,0,0,0.10034692107545533
V11,low,no,no,no,no,no,no,normal,no,0,0,0.0011657784957327944
V09,low,no,no,no,no,no,no,high,no,0,0,0.0011504356143843227
V12,low,no,no,no,no,no,no,normal,no,0,0,0.0011657784957327944
V14,low,no,no,no,no,no,no,normal,no,0,0,0.0011657784957327944
V08,high,no,no,no,no,yes,no,normal,no,0,0,0.043593097549932076
V01,low,no,no,no,no,no,yes,normal,no,0,0,0.011751861446028238
V16,low,no,no,no,no,no,no,normal,no,0,0,0.0011657784957327944
V20,high,no,no,no,yes,no,no,normal,yes,1,0,0.03137712209144655
V14,low,no,no,no,no,no,no,normal,no,0,0,0.0011657784957327944
V12,low,no,no,no,yes,no,no,normal,no,0,0,0.016753953322825036
V01,low,no,no,no,no,yes,yes,low,no,0,0,0.1945917285259809
V15,low,no,no,yes,no,no,no,normal,no,0,0,0.02123730864327424
V01,low,no,no,no,no,no,no,normal,no,0,0,0.0011657784957327944
V01,high,no,yes,yes,no,no,no,normal,no,0,0,0.0005780346820809249
V03,low,no,no,no,no,no,no,normal,no,0,0,0.0011657784957327944
V06,high,no,no,no,no,no,no,normal,no,0,0,0.012847827346594936
V09,low,no,no,no,no,no,no,normal,no,0,0,0.0011657784957327944
V05,low,no,no,no,no,no,no,normal,no,0,0,0.0011657784957327944
V05,low,no,no,no,no,no,no,high,no,0,0,0.0011504356143843227
V05,low,no,no,no,no,no,no,normal,no,0,0,0.0011657784957327944
V12,low,no,no,no,no,yes,no,low,no,0,0,0.08600537288108967
V02,outlier,no,no,yes,no,no,no,low,no,0,1,0.5
V02,high,no,no,no,yes,no,no,high,no,0,0,0.0004817883985353632
V06,low,no,no,no,no,no,no,normal,no,0,0,0.0011657784957327944
V10,low,no,no,no,yes,no,no,normal,no,0,0,0.016753953322825036
V15,low,no,no,no,no,no,no,normal,no,0,0,0.0011657784957327944
V03,low,no,no,no,no,no,no,normal,no,0,0,0.0011657784957327944
V01,low,no,yes,no,no,yes,no,low,no,0,0,0.17415899834062448
V05,high,no,no,no,no,no,no,normal,no,0,0,0.012847827346594936
V12,low,no,no,no,no,no,no,normal,no,0,0,0.0011657784957327944
V09,high,no,no,no,no,no,no,normal,no,0,0,0.012847827346594936
V11,low,no,no,no,no,no,no,normal,no,0,0,0.0011657784957327944
V14,low,no,no,no,no,no,no,normal,no,0,0,0.0011657784957327944
V14,low,no,yes,no,no,no,no,normal,no,0,0,0.020373043188631066
V08,low,no,no,no,yes,no,no,normal,no,0,0,0.016753953322825036
V04,low,no,no,no,no,no,no,normal,no,0,0,0.0011657784957327944
V08,low,no,no,no,no,no,no,high,no,0,0,0.0011504356143843227
V07,low,no,no,no,no,no,no,normal,no,0,0,0.0011657784957327944
V05,low,no,no,no,no,no,no,normal,no,0,0,0.0011657784957327944
V03,low,no,no,no,no,no,no,normal,no,0,0,0.0011657784957327944
V05,outlier,no,no,no,no,no,yes,normal,no,0,0,0.22240071970183778
V04,high,yes,no,yes,no,no,yes,low,yes,1,1,0.9914675767918089
V09,low,no,no,no,no,no,no,high,no,0,0,0.0011504356143843227
V07,low,no,no,no,no,yes,yes,low,no,0,0,0.1945917285259809
V11,low,no,no,no,no,no,no,normal,no,0,0,0.0011657784957327944
V16,low,no,no,no,no,no,no,normal,no,0,0,0.0011657784957327944
V04,low,no,no,no,no,no,no,normal,no,0,0,0.0011657784957327944
V01,high,no,no,no,no,no,no,normal,no,0,0,0.012847827346594936
V10,low,no,no,no,no,no,no,high,no,0,0,0.0011504356143843227
V14,low,no,no,no,yes,no,no,normal,no,0,0,0.016753953322825036
V02,low,no,no,no,no,no,no,normal,no,0,0,0.0011657784957327944
V07,low,no,no,no,no,no,no,normal,no,0,0,0.0011657784957327944
V03,low,no,no,no,yes,no,no,high,no,0,0,6.289466401670483e-05
V05,low,no,no,no,no,no,no,high,no,0,0,0.0011504356143843227
V09,low,no,no,no,no,no,no,high,no,0,0,0.0011504356143843227
V06,low,no,no,no,no,no,no,normal,no,0,0,0.0011657784957327944
V13,high,no,no,no,no,no,no,normal,no,0,0,0.012847827346594936
V06,low,no,no,no,no,no,no,high,no,0,0,0.0011504356143843227
V09,low,no,no,yes,no,no,no,normal,no,0,0,0.02123730864327424
V07,low,no,no,no,no,no,no,low,no,0,0,0.011570496738585049
V15,low,yes,no,yes,yes,yes,yes,low,yes,1,1,0.9914675767918089
V01,low,no,no,no,no,yes,no,normal,no,0,0,0.01856838253766821
V10,low,no,no,no,no,no,no,low,no,0,0,0.011570496738585049
V01,low,yes,yes,no,no,no,no,normal,no,0,0,0.04199797600115657
V17,low,no,no,no,no,no,no,normal,no,0,0,0.0011657784957327944
V07,low,no,no,no,no,no,no,low,no,0,0,0.011570496738585049
V07,low,no,no,no,no,no,no,normal,no,0,0,0.0011657784957327944
V07,outlier,no,yes,no,no,yes,no,normal,no,0,1,0.5
V15,high,no,no,no,no,no,no,normal,no,0,0,0.012847827346594936
V14,low,no,no,no,no,no,no,normal,no,0,0,0.0011657784957327944
V09,low,no,no,no,no,no,no,normal,no,0,0,0.0011657784957327944
V01,low,no,no,no,no,no,no,normal,no,0,0,0.0011657784957327944
V08,high,no,no,no,no,no,no,normal,no,0,0,0.012847827346594936
V17,low,no,no,no,no,no,no,normal,no,0,0,0.0011657784957327944
V03,low,no,no,no,no,no,no,normal,no,0,0,0.0011657784957327944
V20,low,no,no,no,no,yes,no,low,no,0,0,0.08600537288108967
V01,low,no,no,yes,no,no,no,normal,no,0,0,0.02123730864327424
V02,outlier,no,yes,no,no,no,no,normal,no,0,0,0.13347473968376397
V01,low,no,no,no,no,no,no,normal,no,0,0,0.0011657784957327944
V01,low,no,no,no,no,no,no,normal,no,0,0,0.0011657784957327944
V01,low,no,no,no,yes,no,no,normal,no,0,0,0.016753953322825036
V01,low,no,no,no,yes,no,no,normal,no,0,0,0.016753953322825036
V05,low,no,yes,no,no,no,no,high,no,0,0,0.00925247635124375
V16,high,no,no,no,no,no,yes,normal,no,0,0,0.10356693997246992
V04,outlier,no,no,yes,no,no,yes,normal,yes,1,1,0.5
V05,low,no,no,no,no,no,no,normal,no,0,0,0.0011657784957327944
V09,outlier,yes,no,no,no,yes,no,low,yes,1,1,0.9956970740103269
V20,low,no,no,no,no,no,no,high,no,0,0,0.0011504356143843227
V13,low,no,no,no,no,no,no,normal,no,0,0,0.0011657784957327944
V03,low,no,no,no,no,no,no,high,no,0,0,0.0011504356143843227
V08,high,no,no,no,no,no,no,low,no,0,0,0.08855878828842667
V04,low,no,no,no,no,no,no,normal,no,0,0,0.0011657784957327944
V05,low,no,no,no,no,no,no,low,no,0,0,0.011570496738585049
V13,low,no,no,no,no,no,no,normal,no,0,0,0.0011657784957327944
V12,low,no,no,no,yes,no,no,normal,no,0,0,0.016753953322825036
V14,low,no,no,no,no,no,yes,normal,no,0,0,0.011751861446028238
V04,low,no,no,no,no,no,no,high,no,0,0,0.0011504356143843227
V15,low,no,no,no,no,yes,no,high,no,0,0,8.679048776254124e-05
V02,low,no,no,yes,no,no,no,normal,no,0,0,0.02123730864327424
V02,low,no,no,no,no,no,no,normal,no,0,0,0.0011657784957327944
V07,low,no,no,no,no,no,no,normal,no,0,0,0.0011657784957327944
V01,low,no,no,no,no,no,no,high,no,0,0,0.0011504356143843227
V14,high,no,no,no,yes,yes,no,low,no,0,1,0.5998266897746967
V14,low,no,no,no,no,no,no,high,no,0,0,0.0011504356143843227
V06,low,no,no,no,no,no,no,low,no,0,0,0.011570496738585049
V07,low,no,no,no,no,no,no,normal,no,0,0,0.0011657784957327944
V13,low,no,no,no,no,no,no,low,no,0,0,0.011570496738585049
V03,low,no,no,no,yes,no,no,normal,no,0,0,0.016753953322825036
V06,low,no,no,no,no,no,no,normal,no,0,0,0.0011657784957327944
V07,low,no,no,no,no,no,no,normal,no,0,0,0.0011657784957327944
V10,low,no,no,no,no,yes,no,high,no,0,0,8.679048776254124e-05
V05,low,no,no,yes,no,yes,no,normal,no,0,0,0.023626710230753523
V02,low,no,no,no,yes,yes,no,normal,no,0,0,0.03035244608101
V01,low,no,no,no,no,yes,no,low,no,0,0,0.08600537288108967
V02,outlier,no,no,no,no,no,no,normal,no,0,0,0.0364371091508544
V16,low,no,no,no,no,no,no,normal,no,0,0,0.0011657784957327944
V06,high,yes,yes,yes,no,no,no,normal,no,0,1,0.9914675767918089
V07,low,no,no,no,no,no,no,high,no,0,0,0.0011504356143843227
V01,low,no,no,no,no,no,no,normal,no,0,0,0.0011657784957327944
V02,low,no,no,no,no,no,no,high,no,0,0,0.0011504356143843227
V02,low,no,no,no,no,no,no,normal,no,0,0,0.0011657784957327944
V07,low,no,no,no,no,no,no,normal,no,0,0,0.0011657784957327944
V01,outlier,no,yes,yes,yes,yes,yes,low,yes,1,1,0.9987629886194953
V10,low,no,no,no,no,no,no,normal,no,0,0,0.0011657784957327944
V10,low,no,no,no,no,no,no,normal,no,0,0,0.0011657784957327944
V01,low,no,no,no,no,yes,no,low,yes,1,0,0.08600537288108967
V01,low,no,no,no,no,no,no,high,no,0,0,0.0011504356143843227
V15,low,no,no,no,no,no,no,normal,no,0,0,0.0011657784957327944
V01,low,no,no,no,yes,no,no,high,no,0,0,6.289466401670483e-05
V03,low,no,no,no,no,no,no,normal,no,0,0,0.0011657784957327944
V06,low,no,no,no,no,no,no,normal,no,0,0,0.0011657784957327944
V01,low,no,no,no,no,no,no,high,no,0,0,0.0011504356143843227
V13,low,no,no,no,no,no,no,normal,no,0,0,0.0011657784957327944
V02,low,no,yes,yes,no,yes,no,normal,no,0,0,0.25036116729269
V02,low,no,no,no,no,no,no,normal,no,0,0,0.0011657784957327944
V04,low,no,no,no,no,no,no,normal,no,0,0,0.0011657784957327944
V08,low,no,no,no,no,yes,no,low,no,0,0,0.08600537288108967
V07,low,no,no,no,no,yes,no,low,no,0,0,0.08600537288108967
V04,high,no,no,yes,no,no,yes,normal,no,0,1,0.9914675767918089
V03,low,no,no,no,no,no,no,normal,no,0,0,0.0011657784957327944
V05,outlier,no,no,no,no,yes,no,normal,no,0,0,0.22870599900842833
V06,low,no,no,no,no,no,no,normal,no,0,0,0.0011657784957327944
V02,low,no,no,no,no,no,no,normal,no,0,0,0.0011657784957327944
V12,high,no,no,no,no,no,no,normal,no,0,0,0.012847827346594936
V11,low,no,no,no,no,no,no,low,no,0,0,0.011570496738585049
V06,low,no,no,no,no,no,no,normal,no,0,0,0.0011657784957327944
V02,low,no,no,no,no,no,no,normal,no,0,0,0.0011657784957327944
V07,low,no,no,no,no,no,no,normal,no,0,0,0.0011657784957327944
V04,high,no,no,no,no,no,no,normal,no,0,0,0.012847827346594936
V10,low,no,yes,yes,no,no,no,low,yes,1,0,0.15430781541744465
V01,low,no,no,no,no,no,no,low,no,0,0,0.011570496738585049
V17,outlier,no,no,no,no,no,no,normal,no,0,0,0.0364371091508544
V16,high,yes,yes,no,no,yes,no,low,yes,1,0,0.008532423208191127
V12,low,no,no,no,no,no,no,normal,no,0,0,0.0011657784957327944
V14,high,no,no,no,no,no,no,normal,no,0,0,0.012847827346594936
V04,high,no,yes,no,no,no,no,normal,no,0,0,0.015279019618155998
V06,low,no,no,no,no,yes,no,normal,no,0,0,0.01856838253766821
V01,low,no,no,no,no,no,no,high,no,0,0,0.0011504356143843227
V10,low,no,no,no,no,yes,no,low,no,0,0,0.08600537288108967
V05,low,no,no,no,no,no,no,normal,no,0,0,0.0011657784957327944
V01,low,no,no,no,no,yes,no,low,no,0,0,0.08600537288108967
V01,low,no,no,no,no,no,no,normal,no,0,0,0.0011657784957327944
V14,low,no,yes,no,yes,no,no,normal,no,0,0,0.11136100758257292
V07,low,no,no,no,no,no,no,normal,no,0,0,0.0011657784957327944
V02,outlier,no,no,no,no,no,no,normal,no,0,0,0.0364371091508544
V05,low,no,no,no,no,no,no,high,no,0,0,0.0011504356143843227
V05,low,no,no,no,no,no,no,normal,no,0,0,0.0011657784957327944
V06,low,no,no,no,no,no,no,normal,no,0,0,0.0011657784957327944
V06,low,no,no,no,no,no,no,normal,no,0,0,0.0011657784957327944
V06,low,no,no,yes,yes,no,no,normal,no,0,0,0.00037713078895761044
V16,low,no,no,no,no,no,no,normal,no,0,0,0.0011657784957327944
V07,low,no,no,no,no,no,no,high,no,0,0,0.0011504356143843227
V09,low,no,no,no,no,no,no,normal,no,0,0,0.0011657784957327944
V01,low,no,no,no,no,yes,no,low,no,0,0,0.08600537288108967
V07,high,no,no,no,no,no,no,high,no,0,0,3.741338800676435e-05
V11,high,yes,no,no,yes,no,no,normal,no,0,1,0.9914675767918089
V04,low,no,no,no,no,no,no,high,no,0,0,0.0011504356143843227
V10,low,no,no,no,no,no,no,normal,no,0,0,0.0011657784957327944
V01,low,no,no,no,no,yes,no,normal,no,0,0,0.01856838253766821
V14,low,no,no,no,no,no,no,normal,no,0,0,0.0011657784957327944
V01,low,no,no,no,no,no,no,normal,no,0,0,0.0011657784957327944
V11,low,no,no,no,no,no,no,high,no,0,0,0.0011504356143843227
V02,low,no,no,no,yes,yes,yes,low,no,0,0,0.41185472352581104
V14,outlier,no,yes,no,no,no,no,low,yes,1,1,0.5998266897746967
V03,low,no,no,no,no,no,no,normal,no,0,0,0.0011657784957327944
V12,high,no,no,no,no,no,yes,low,no,0,0,0.22275702733923758
V12,low,no,no,no,no,no,no,high,no,0,0,0.0011504356143843227
V06,low,no,yes,no,no,no,no,normal,no,0,0,0.020373043188631066
V02,high,no,no,yes,no,no,no,normal,no,0,0,0.031504175252141844
V17,high,no,yes,yes,no,yes,yes,low,yes,1,1,0.798961937716263
V02,low,no,no,no,no,no,no,normal,no,0,0,0.0011657784957327944
V02,low,no,yes,yes,no,no,no,normal,no,0,0,0.05412379194945735
V02,low,no,yes,no,no,no,yes,high,no,0,0,0.3342922899884926
V10,low,no,no,no,no,no,no,normal,no,0,0,0.0011657784957327944
V04,low,no,no,no,no,no,no,normal,no,0,0,0.0011657784957327944
V14,low,no,no,no,yes,yes,yes,low,no,0,0,0.41185472352581104
V10,outlier,no,no,no,no,no,no,normal,no,0,0,0.0364371091508544
V05,low,no,no,no,no,no,no,normal,no,0,0,0.0011657784957327944
V01,low,no,no,no,no,no,yes,normal,no,0,0,0.011751861446028238
V16,low,no,no,no,no,no,no,normal,no,0,0,0.0011657784957327944
V01,outlier,no,no,no,no,no,no,high,no,0,0,0.019127128450983633
V03,outlier,no,no,no,no,no,no,normal,no,0,0,0.0364371091508544
V17,low,no,no,no,yes,no,no,normal,no,0,0,0.016753953322825036
V08,low,no,no,no,no,no,no,normal,no,0,0,0.0011657784957327944
V05,low,no,yes,no,no,no,no,normal,no,0,0,0.020373043188631066
V13,low,no,no,no,yes,no,no,normal,no,0,0,0.016753953322825036
V01,high,no,no,no,yes,no,no,low,no,0,0,0.16762839007501443
V09,low,no,no,no,no,no,no,normal,no,0,0,0.0011657784957327944
V09,high,no,no,no,no,no,no,normal,no,0,0,0.012847827346594936
V08,low,no,no,no,no,yes,no,normal,no,0,0,0.01856838253766821
V01,low,no,no,no,no,no,no,normal,no,0,0,0.0011657784957327944
V05,low,no,no,no,no,no,no,normal,no,0,0,0.0011657784957327944
V04,low,no,no,no,no,no,no,high,no,0,0,0.0011504356143843227
V10,low,no,no,no,no,no,no,high,no,0,0,0.0011504356143843227
V07,low,no,no,no,no,no,no,normal,no,0,0,0.0011657784957327944
V04,low,no,no,no,no,no,no,normal,no,0,0,0.0011657784957327944
V07,low,no,no,no,no,no,no,normal,no,0,0,0.0011657784957327944
V11,low,no,no,no,no,no,no,low,no,0,0,0.011570496738585049
V11,low,no,no,no,no,yes,no,low,no,0,0,0.08600537288108967
V09,low,no,no,no,no,no,no,normal,no,0,0,0.0011657784957327944
V04,outlier,no,no,no,no,no,no,normal,no,0,0,0.0364371091508544
V08,low,no,yes,no,no,no,no,high,no,0,0,0.00925247635124375
V01,low,no,no,no,no,no,no,normal,no,0,0,0.0011657784957327944
V08,low,no,no,no,no,no,no,normal,no,0,0,0.0011657784957327944
V06,outlier,no,no,no,no,yes,no,low,no,0,0,0.48149338131345587
V11,low,no,no,no,no,no,no,high,no,0,0,0.0011504356143843227
V04,low,no,no,no,no,no,no,normal,no,0,0,0.0011657784957327944
V10,low,no,no,yes,no,no,no,normal,no,0,0,0.02123730864327424
V02,low,no,no,yes,no,yes,no,normal,no,0,0,0.023626710230753523
V10,low,no,no,no,no,no,no,normal,no,0,0,0.0011657784957327944
V01,low,no,no,no,no,no,no,normal,no,0,0,0.0011657784957327944
V01,low,no,no,no,no,no,no,high,no,0,0,0.0011504356143843227
V11,low,no,no,no,no,yes,no,high,no,0,0,8.679048776254124e-05
V12,low,no,yes,yes,no,yes,no,low,yes,1,0,0.46158975726860496
V20,high,no,no,no,no,no,no,normal,no,0,0,0.012847827346594936
V14,low,no,yes,no,no,no,no,normal,no,0,0,0.020373043188631066
V06,high,no,yes,no,no,no,no,normal,no,0,0,0.015279019618155998
V01,low,no,no,no,no,no,no,high,no,0,0,0.0011504356143843227
V06,outlier,no,yes,yes,no,no,no,low,no,0,1,0.5712518555170708
V19,low,no,no,no,no,no,no,normal,no,0,0,0.0011657784957327944
V05,low,no,no,no,no,no,no,low,no,0,0,0.011570496738585049
V14,low,no,no,no,no,no,no,normal,no,0,0,0.0011657784957327944
V05,low,no,no,no,no,no,no,normal,no,0,0,0.0011657784957327944
V20,low,no,no,no,no,no,no,normal,no,0,0,0.0011657784957327944
V04,low,no,no,no,no,no,no,normal,no,0,0,0.0011657784957327944
V07,low,no,no,no,no,no,no,low,no,0,0,0.011570496738585049
V18,low,no,no,no,no,no,no,high,no,0,0,0.0011504356143843227
V07,low,no,no,no,no,yes,yes,low,yes,1,0,0.1945917285259809
V13,low,no,no,no,no,no,no,high,no,0,0,0.0011504356143843227
V11,low,no,no,no,no,no,no,low,no,0,0,0.011570496738585049
V01,low,no,no,no,no,yes,yes,normal,no,0,0,0.09219841958616909
V07,high,no,no,no,no,no,no,normal,no,0,0,0.012847827346594936
V17,low,no,no,no,no,no,no,normal,no,0,0,0.0011657784957327944
V19,low,no,yes,no,no,no,no,normal,no,0,0,0.020373043188631066
V01,low,no,no,no,no,no,no,low,yes,1,0,0.011570496738585049
V03,low,no,no,no,no,yes,no,low,no,0,0,0.08600537288108967
V08,low,no,yes,no,no,no,no,normal,no,0,0,0.020373043188631066
V08,low,no,no,no,no,no,no,normal,no,0,0,0.0011657784957327944
V01,low,no,no,no,no,yes,no,normal,no,0,0,0.01856838253766821
V04,low,no,no,no,yes,no,no,normal,no,0,0,0.016753953322825036
V15,low,no,no,no,no,yes,no,normal,no,0,0,0.01856838253766821
V03,low,no,no,no,no,yes,yes,normal,no,0,0,0.09219841958616909
V14,low,no,yes,yes,yes,yes,yes,low,yes,1,1,0.9978392394122731
V04,low,no,no,no,no,no,no,normal,no,0,0,0.0011657784957327944
V01,low,no,no,no,no,no,no,high,no,0,0,0.0011504356143843227
V18,low,no,no,no,no,no,no,high,no,0,0,0.0011504356143843227
V04,low,no,no,no,no,no,no,normal,no,0,0,0.0011657784957327944
V08,low,no,no,no,no,yes,no,normal,no,0,0,0.01856838253766821
V12,low,no,no,no,no,no,no,low,no,0,0,0.011570496738585049
V11,low,no,no,no,no,no,yes,normal,no,0,0,0.011751861446028238
V08,high,no,no,no,no,no,no,normal,no,0,0,0.012847827346594936
V03,outlier,no,no,yes,no,no,no,normal,no,0,0,0.19073186849496115
V06,low,no,no,no,no,no,no,normal,no,0,0,0.0011657784957327944
V01,low,no,no,no,no,no,no,low,no,0,0,0.011570496738585049
V12,outlier,no,no,no,no,no,no,normal,no,0,0,0.0364371091508544
V07,low,no,yes,no,no,no,no,normal,no,0,0,0.020373043188631066
V07,low,no,no,no,no,no,no,high,no,0,0,0.0011504356143843227
V07,low,no,no,yes,no,no,no,high,no,0,0,0.00010456313522104649
V02,low,no,no,no,no,yes,no,low,no,0,0,0.08600537288108967
V03,outlier,no,no,no,no,no,no,normal,no,0,0,0.0364371091508544
V12,high,no,no,no,no,yes,yes,low,no,0,0,0.4445514054678475
V04,low,no,no,no,no,no,no,normal,no,0,0,0.0011657784957327944
V06,low,no,no,no,no,no,no,high,no,0,0,0.0011504356143843227
V11,low,no,no,no,no,no,no,normal,no,0,0,0.0011657784957327944
V06,low,no,no,no,no,no,no,normal,no,0,0,0.0011657784957327944
V05,low,no,no,no,no,no,no,normal,no,0,0,0.0011657784957327944
V05,low,no,no,no,no,no,no,normal,no,0,0,0.0011657784957327944
V02,low,no,no,no,no,no,no,low,no,0,0,0.011570496738585049
V06,low,no,no,no,yes,no,yes,low,no,0,0,0.3338141950375072
V09,high,no,yes,no,no,yes,no,low,yes,1,1,0.6657077100115075
V18,high,no,yes,no,no,no,no,normal,yes,1,0,0.015279019618155998
V02,high,no,no,yes,yes,yes,no,low,no,0,1,0.7772429726607625
V04,low,no,no,no,no,no,no,normal,no,0,0,0.0011657784957327944
V09,low,no,no,no,no,yes,no,normal,no,0,0,0.01856838253766821
V20,low,no,no,no,no,no,no,high,no,0,0,0.0011504356143843227
V01,low,no,no,no,yes,yes,no,normal,no,0,0,0.03035244608101
V02,low,no,no,yes,no,no,no,normal,no,0,0,0.02123730864327424
V04,low,no,no,no,no,no,no,normal,no,0,0,0.0011657784957327944
V06,outlier,no,no,no,no,no,no,normal,no,0,0,0.0364371091508544
V07,high,no,no,no,no,no,no,high,no,0,0,3.741338800676435e-05
V09,low,no,no,no,no,no,no,normal,no,0,0,0.0011657784957327944
V05,low,no,no,no,no,no,no,normal,no,0,0,0.0011657784957327944
V12,high,no,no,yes,no,no,no,normal,no,0,0,0.031504175252141844
V02,outlier,no,no,no,no,yes,yes,low,no,0,1,0.5712518555170708
V08,outlier,no,no,no,no,no,no,normal,no,0,0,0.0364371091508544
V15,high,yes,no,no,no,no,no,normal,no,0,0,0.16714822305691995
V02,low,no,no,no,no,no,no,high,no,0,0,0.0011504356143843227
V04,low,no,no,no,yes,yes,yes,low,no,0,0,0.41185472352581104
V03,low,no,no,no,no,no,yes,high,no,0,0,0.016806479606595315
V03,outlier,no,no,no,no,no,no,normal,no,0,0,0.0364371091508544
V09,low,no,no,no,yes,yes,no,high,no,0,0,0.0002478929102627665
V12,low,no,no,no,no,yes,no,normal,no,0,0,0.01856838253766821
V03,high,no,no,no,no,no,no,normal,no,0,0,0.012847827346594936
V11,low,no,no,no,no,yes,no,normal,no,0,0,0.01856838253766821
V16,low,no,no,no,no,yes,no,high,no,0,0,8.679048776254124e-05
V05,high,no,no,yes,no,no,no,normal,no,0,0,0.031504175252141844
V09,low,no,no,no,no,no,no,low,no,0,0,0.011570496738585049
V08,low,no,no,no,no,no,no,low,no,0,0,0.011570496738585049
V06,low,no,no,no,no,yes,yes,normal,no,0,0,0.09219841958616909
V04,low,no,no,no,no,no,no,normal,no,0,0,0.0011657784957327944
V15,low,no,no,no,no,no,no,high,no,0,0,0.0011504356143843227
V09,low,no,yes,yes,no,yes,yes,low,yes,1,1,0.7772429726607625
V10,outlier,no,no,no,no,no,no,high,no,0,0,0.019127128450983633
V06,high,no,no,no,no,no,no,normal,no,0,0,0.012847827346594936
V01,high,no,no,no,no,no,no,normal,no,0,0,0.012847827346594936
V15,low,no,no,no,no,no,no,normal,no,0,0,0.0011657784957327944
V10,low,no,no,no,no,no,no,high,no,0,0,0.0011504356143843227
V02,high,no,no,no,no,yes,yes,low,no,0,0,0.4445514054678475
V03,low,no,no,no,no,no,no,normal,no,0,0,0.0011657784957327944
V02,low,no,no,no,no,yes,no,low,no,0,0,0.08600537288108967
V04,low,no,no,no,no,no,no,normal,no,0,0,0.0011657784957327944
V10,low,no,no,no,no,no,no,normal,no,0,0,0.0011657784957327944
V11,low,no,no,no,no,no,no,high,no,0,0,0.0011504356143843227
V06,low,no,no,no,no,no,no,normal,no,0,0,0.0011657784957327944
V12,high,no,no,no,no,no,no,normal,no,0,0,0.012847827346594936
V08,low,no,yes,no,no,no,no,normal,no,0,0,0.020373043188631066
V07,low,no,yes,no,no,no,yes,low,no,0,0,0.14374072241464622
V10,low,no,no,no,no,no,no,normal,no,0,0,0.0011657784957327944
V17,low,no,no,no,no,no,no,high,no,0,0,0.0011504356143843227
V15,low,no,no,yes,no,no,no,normal,no,0,0,0.02123730864327424
V11,low,no,no,no,no,no,no,normal,no,0,0,0.0011657784957327944
V17,low,no,no,no,no,no,no,normal,no,0,0,0.0011657784957327944
V07,low,no,no,no,no,no,no,normal,no,0,0,0.0011657784957327944
V07,low,no,no,no,yes,no,no,normal,no,0,0,0.016753953322825036
V02,low,no,no,no,no,yes,no,normal,no,0,0,0.01856838253766821
V06,high,no,no,no,no,no,yes,low,no,0,0,0.22275702733923758
V12,low,no,no,no,no,no,no,low,no,0,0,0.011570496738585049
V05,low,no,no,no,no,no,no,normal,no,0,0,0.0011657784957327944
V08,low,no,yes,no,no,no,no,normal,no,0,0,0.020373043188631066
V12,low,no,no,no,no,no,no,high,no,0,0,0.0011504356143843227
V20,low,no,no,no,no,no,no,normal,no,0,0,0.0011657784957327944
V17,low,no,yes,no,no,no,no,normal,no,0,0,0.020373043188631066
V09,high,no,no,no,no,no,no,high,no,0,0,3.741338800676435e-05
V10,low,no,no,no,no,no,no,normal,no,0,0,0.0011657784957327944
V15,low,no,no,no,yes,no,no,normal,no,0,0,0.016753953322825036
V15,low,yes,yes,no,no,yes,no,normal,no,0,0,0.2510803802938635
V05,low,no,no,no,no,no,no,normal,no,0,0,0.0011657784957327944
V09,low,no,no,no,no,no,no,normal,no,0,0,0.0011657784957327944
V01,low,no,no,no,no,no,no,normal,no,0,0,0.0011657784957327944
V02,outlier,no,no,no,no,no,no,normal,no,0,0,0.0364371091508544
V03,low,no,no,no,no,no,no,normal,no,0,0,0.0011657784957327944
V04,low,no,yes,yes,no,no,no,normal,no,0,0,0.05412379194945735
V15,high,no,yes,yes,yes,yes,yes,low,yes,1,1,0.9914675767918089
V05,low,no,no,no,no,no,no,normal,no,0,0,0.0011657784957327944
V03,high,no,no,no,no,no,no,low,no,0,0,0.08855878828842667
V12,low,no,no,no,no,no,no,low,no,0,0,0.011570496738585049
V08,low,no,no,no,no,no,no,normal,no,0,0,0.0011657784957327944
V03,low,no,no,no,no,no,no,normal,no,0,0,0.0011657784957327944
V07,low,no,no,no,no,no,no,high,no,0,0,0.0011504356143843227
V06,low,no,no,no,no,no,no,normal,no,0,0,0.0011657784957327944
V15,outlier,no,no,no,yes,no,no,normal,no,0,0,0.21065850762626723
V08,outlier,no,yes,yes,no,no,no,normal,no,0,0,0.4091625926510014
V03,high,no,no,no,no,no,no,normal,no,0,0,0.012847827346594936
V14,low,no,no,yes,no,no,no,low,no,0,0,0.07913964745638871
V19,low,no,no,no,no,no,no,normal,no,0,0,0.0011657784957327944
V04,low,no,no,no,no,no,no,normal,no,0,0,0.0011657784957327944
V09,low,no,no,no,no,no,no,high,no,0,0,0.0011504356143843227
V03,low,no,no,no,no,no,no,normal,no,0,0,0.0011657784957327944
V04,outlier,no,no,yes,no,no,yes,low,yes,1,1,0.9914675767918089
V01,high,no,no,no,no,no,no,low,no,0,0,0.08855878828842667
V13,low,no,no,no,no,no,no,high,no,0,0,0.0011504356143843227
V08,high,no,no,yes,no,no,no,normal,no,0,0,0.031504175252141844
V03,outlier,no,no,no,no,yes,no,low,no,0,0,0.48149338131345587
V10,low,no,no,no,no,no,no,normal,no,0,0,0.0011657784957327944
V01,high,no,no,no,no,no,no,normal,no,0,0,0.012847827346594936
V02,low,no,yes,yes,no,no,no,normal,no,0,0,0.05412379194945735
V02,low,no,no,no,no,no,no,normal,no,0,0,0.0011657784957327944
V01,high,no,no,no,no,no,no,normal,no,0,0,0.012847827346594936
V13,high,no,yes,no,no,no,no,normal,no,0,0,0.015279019618155998
V09,low,no,no,no,no,no,no,high,no,0,0,0.0011504356143843227
V08,low,no,no,no,no,no,no,normal,no,0,0,0.0011657784957327944
V15,outlier,no,no,no,no,no,no,normal,no,0,0,0.0364371091508544
V07,low,no,no,no,no,no,yes,normal,no,0,0,0.011751861446028238
V05,low,no,no,no,no,no,no,low,no,0,0,0.011570496738585049
V16,high,no,no,no,no,no,yes,low,yes,1,0,0.22275702733923758
V03,high,no,no,no,no,no,no,normal,no,0,0,0.012847827346594936
V01,low,no,no,no,no,no,no,high,no,0,0,0.0011504356143843227
V11,low,no,no,no,no,no,no,normal,no,0,0,0.0011657784957327944
V02,outlier,no,no,no,no,yes,yes,low,yes,1,1,0.5712518555170708
V12,low,no,no,no,no,no,no,normal,no,0,0,0.0011657784957327944
V08,low,no,no,no,no,no,no,normal,no,0,0,0.0011657784957327944
V02,low,no,no,no,no,no,no,high,no,0,0,0.0011504356143843227
V06,outlier,no,no,no,no,no,no,normal,no,0,0,0.0364371091508544
V10,low,no,no,no,no,no,no,normal,no,0,0,0.0011657784957327944
V06,high,no,no,no,no,no,no,normal,yes,1,0,0.012847827346594936
V11,low,no,no,no,no,no,no,normal,no,0,0,0.0011657784957327944
V05,low,no,no,no,yes,yes,no,normal,no,0,0,0.03035244608101
V12,outlier,no,no,no,no,no,no,normal,no,0,0,0.0364371091508544
V07,low,no,no,no,yes,no,no,high,no,0,0,6.289466401670483e-05
V12,high,no,no,yes,no,yes,no,low,yes,1,1,0.6152307281941851
V09,low,no,no,no,no,no,no,normal,no,0,0,0.0011657784957327944
V05,outlier,no,yes,yes,no,no,yes,low,no,0,1,0.5
V04,high,no,no,no,no,no,no,normal,no,0,0,0.012847827346594936
V09,low,no,no,no,no,no,no,normal,no,0,0,0.0011657784957327944
V01,high,no,no,no,yes,no,no,normal,no,0,0,0.03137712209144655
V08,low,no,no,no,yes,yes,no,normal,no,0,0,0.03035244608101
V07,low,no,no,no,no,no,no,low,no,0,0,0.011570496738585049
V03,low,no,no,no,no,no,no,normal,no,0,0,0.0011657784957327944
V06,low,no,no,no,no,no,no,high,no,0,0,0.0011504356143843227
V02,low,no,no,no,no,no,no,high,no,0,0,0.0011504356143843227
V01,outlier,no,no,no,no,yes,yes,low,yes,1,1,0.5712518555170708
V01,low,no,no,no,yes,no,no,normal,no,0,0,0.016753953322825036
V09,low,no,no,no,no,no,no,normal,no,0,0,0.0011657784957327944
V02,low,no,no,no,no,no,yes,low,no,0,0,0.1501518438177874
V01,outlier,no,no,no,no,no,no,low,no,0,0,0.17469282054107665
V12,low,no,no,no,no,no,no,normal,no,0,0,0.0011657784957327944
V01,high,no,no,yes,no,no,no,normal,no,0,0,0.031504175252141844
V01,high,no,no,no,no,yes,no,low,no,0,0,0.2693847591085013
V01,low,no,no,no,no,no,no,normal,no,0,0,0.0011657784957327944
V06,low,no,no,no,no,no,no,high,no,0,0,0.0011504356143843227
V04,low,no,no,no,no,no,no,high,no,0,0,0.0011504356143843227
V18,low,no,no,no,no,no,no,normal,no,0,0,0.0011657784957327944
V01,low,no,no,no,no,no,no,normal,no,0,0,0.0011657784957327944
V11,outlier,no,yes,yes,no,no,no,normal,no,0,0,0.4091625926510014
V17,low,no,no,no,no,no,no,normal,no,0,0,0.0011657784957327944
V16,low,no,no,no,no,yes,no,normal,no,0,0,0.01856838253766821
V18,low,no,no,no,no,no,no,low,no,0,0,0.011570496738585049
V05,low,no,no,no,no,no,no,high,no,0,0,0.0011504356143843227
V13,outlier,no,no,no,no,no,no,normal,no,0,0,0.0364371091508544
V04,low,no,no,no,yes,no,no,normal,no,0,0,0.016753953322825036
V05,low,no,no,no,no,yes,no,normal,no,0,0,0.01856838253766821
V09,low,no,no,no,no,no,no,high,no,0,0,0.0011504356143843227
V08,low,no,no,yes,no,no,no,normal,no,0,0,0.02123730864327424
V11,low,no,no,no,no,no,no,normal,no,0,0,0.0011657784957327944
V18,outlier,no,no,yes,yes,yes,no,low,yes,1,1,0.9978392394122731
V04,high,no,no,no,no,no,no,normal,no,0,0,0.012847827346594936
V14,low,no,no,no,no,no,no,normal,no,0,0,0.0011657784957327944
V03,low,no,no,no,no,no,no,normal,no,0,0,0.0011657784957327944
V02,low,no,no,no,no,no,no,normal,no,0,0,0.0011657784957327944
V01,outlier,no,no,no,no,no,no,normal,no,0,0,0.0364371091508544
V01,low,no,no,no,no,no,no,normal,no,0,0,0.0011657784957327944
V05,low,no,yes,yes,no,no,no,normal,no,0,0,0.05412379194945735
V19,low,no,no,no,no,no,no,normal,no,0,0,0.0011657784957327944
V02,low,no,no,no,no,no,no,high,no,0,0,0.0011504356143843227
V09,low,no,no,no,no,no,no,normal,no,0,0,0.0011657784957327944
V09,low,no,no,no,no,no,no,normal,no,0,0,0.0011657784957327944
V08,low,no,no,no,no,no,no,normal,no,0,0,0.0011657784957327944
V15,low,no,no,yes,no,no,no,high,no,0,0,0.00010456313522104649
V11,low,yes,no,no,no,no,no,high,no,0,0,0.10034692107545533
V03,low,no,no,no,no,yes,no,normal,no,0,0,0.01856838253766821
V05,outlier,no,yes,no,no,no,no,normal,no,0,0,0.13347473968376397
V07,low,no,no,no,no,no,no,normal,no,0,0,0.0011657784957327944
V09,low,no,no,yes,no,yes,no,low,no,0,0,0.27667823646702605
V03,low,no,no,no,no,no,no,normal,no,0,0,0.0011657784957327944
V12,low,no,no,yes,no,no,yes,normal,no,0,0,0.20034682080924854
V01,low,no,no,no,no,no,no,normal,no,0,0,0.0011657784957327944
V01,low,no,no,no,no,no,no,normal,no,0,0,0.0011657784957327944
V01,low,no,no,no,no,no,no,normal,no,0,0,0.0011657784957327944
V12,low,no,no,no,no,no,no,high,no,0,0,0.0011504356143843227
V18,low,no,no,no,no,no,no,normal,no,0,0,0.0011657784957327944
V07,high,yes,yes,no,no,no,yes,normal,no,0,1,0.5
V01,low,no,no,no,no,no,no,normal,no,0,0,0.0011657784957327944
V07,low,no,no,no,no,no,no,normal,no,0,0,0.0011657784957327944
V07,low,no,no,no,no,yes,no,normal,no,0,0,0.01856838253766821
V12,low,no,no,no,no,no,no,normal,no,0,0,0.0011657784957327944
V12,low,no,no,no,no,no,no,normal,no,0,0,0.0011657784957327944
V06,high,no,no,no,no,yes,no,high,no,0,0,0.14329947981174138
V03,low,no,no,no,no,no,no,normal,no,0,0,0.0011657784957327944
V04,high,no,no,no,no,no,no,low,no,0,0,0.08855878828842667
V08,low,no,no,no,no,no,no,normal,no,0,0,0.0011657784957327944
V03,low,no,no,no,no,no,no,normal,no,0,0,0.0011657784957327944
V05,low,no,no,no,no,no,no,normal,no,0,0,0.0011657784957327944
V07,low,no,no,no,no,no,no,high,no,0,0,0.0011504356143843227
V18,high,no,no,no,no,no,no,normal,no,0,0,0.012847827346594936
V05,low,no,no,no,no,no,no,high,no,0,0,0.0011504356143843227
V10,low,no,no,no,no,no,no,normal,no,0,0,0.0011657784957327944
V09,low,no,no,no,no,no,no,low,no,0,0,0.011570496738585049
V11,outlier,no,no,yes,no,yes,no,low,yes,1,1,0.8176804286164513
V03,low,no,no,no,no,no,no,normal,no,0,0,0.0011657784957327944
V03,low,no,no,no,no,no,no,normal,no,0,0,0.0011657784957327944
V02,low,no,no,no,no,no,no,low,no,0,0,0.011570496738585049
V01,high,no,no,no,no,no,no,normal,no,0,0,0.012847827346594936
V15,low,no,no,no,no,no,yes,low,no,0,0,0.1501518438177874
V04,low,no,no,no,no,no,no,normal,no,0,0,0.0011657784957327944
V06,low,no,no,no,no,no,no,normal,no,0,0,0.0011657784957327944
V06,low,no,yes,yes,no,yes,yes,low,no,0,1,0.7772429726607625
V13,outlier,no,yes,no,no,no,no,low,yes,1,1,0.5998266897746967
V04,low,no,no,no,no,no,no,normal,no,0,0,0.0011657784957327944
V10,low,no,no,no,no,no,no,normal,no,0,0,0.0011657784957327944
V01,low,no,no,no,no,no,no,low,no,0,0,0.011570496738585049
V11,low,no,no,no,no,no,no,normal,no,0,0,0.0011657784957327944
V05,low,no,no,yes,yes,yes,no,low,no,0,1,0.6920512136569752
V01,low,no,no,no,no,no,no,low,no,0,0,0.011570496738585049
V07,low,no,no,no,no,no,no,normal,no,0,0,0.0011657784957327944
V01,low,no,no,no,no,no,no,normal,no,0,0,0.0011657784957327944
V15,low,no,no,no,no,no,no,high,no,0,0,0.0011504356143843227
V04,low,no,no,no,no,no,no,normal,no,0,0,0.0011657784957327944
V09,high,no,no,no,no,no,no,low,no,0,0,0.08855878828842667
V02,low,no,no,yes,no,no,no,high,no,0,0,0.00010456313522104649
V15,high,no,no,no,no,no,no,normal,no,0,0,0.012847827346594936
V09,low,no,no,no,yes,yes,no,normal,no,0,0,0.03035244608101
V07,low,no,no,no,no,no,no,normal,no,0,0,0.0011657784957327944
V13,low,no,no,no,no,no,no,normal,no,0,0,0.0011657784957327944
V19,low,no,no,no,no,no,no,normal,no,0,0,0.0011657784957327944
V10,low,no,no,no,no,no,no,normal,no,0,0,0.0011657784957327944
V12,low,no,no,yes,no,yes,no,low,no,0,0,0.27667823646702605
V01,low,no,no,no,no,no,no,normal,no,0,0,0.0011657784957327944
V03,low,no,no,no,no,no,no,normal,no,0,0,0.0011657784957327944
V11,outlier,no,no,yes,no,yes,no,normal,no,0,1,0.9914675767918089
V08,low,no,no,no,no,yes,no,normal,no,0,0,0.01856838253766821
V12,low,yes,no,no,no,no,no,normal,no,0,0,0.026423971132325398
V08,low,no,no,no,no,no,no,normal,no,0,0,0.0011657784957327944
V12,low,no,no,no,no,no,no,normal,no,0,0,0.0011657784957327944
V08,low,no,no,no,no,no,no,high,no,0,0,0.0011504356143843227
V06,low,no,no,no,no,no,no,normal,no,0,0,0.0011657784957327944
V01,low,no,no,no,no,no,no,normal,no,0,0,0.0011657784957327944
V03,low,no,no,no,no,no,no,normal,no,0,0,0.0011657784957327944
V14,outlier,yes,no,no,no,no,no,normal,yes,1,0,0.37527067994802943
V09,low,no,no,no,no,no,no,low,no,0,0,0.011570496738585049
V08,low,no,no,no,no,no,no,normal,no,0,0,0.0011657784957327944
V02,outlier,no,no,no,no,no,no,normal,no,0,0,0.0364371091508544
V14,low,no,no,no,no,no,no,normal,no,0,0,0.0011657784957327944
V06,high,yes,no,no,yes,yes,no,low,yes,1,1,0.5
V16,low,no,no,no,yes,no,no,high,no,0,0,6.289466401670483e-05
V01,high,no,no,no,no,no,no,normal,no,0,0,0.012847827346594936
V04,low,no,no,no,no,no,no,normal,no,0,0,0.0011657784957327944
V05,low,no,no,no,no,no,yes,normal,no,0,0,0.011751861446028238
V06,low,no,no,no,yes,no,yes,normal,no,0,0,0.30034662045060656
V05,low,no,no,no,no,no,no,normal,no,0,0,0.0011657784957327944
V01,outlier,no,yes,no,yes,yes,no,low,yes,1,1,0.9982698961937717
V05,low,no,no,no,no,no,no,normal,no,0,0,0.0011657784957327944
V15,low,no,no,no,no,yes,no,normal,no,0,0,0.01856838253766821
V06,low,no,no,no,no,no,no,high,no,0,0,0.0011504356143843227
V06,low,no,no,no,yes,no,no,high,no,0,0,6.289466401670483e-05
V10,high,no,no,no,no,no,no,normal,no,0,0,0.012847827346594936
V10,high,no,no,yes,no,no,no,high,no,0,0,0.15430781541744465
V09,low,no,no,no,no,no,no,high,no,0,0,0.0011504356143843227
V15,low,no,no,no,no,no,no,normal,no,0,0,0.0011657784957327944
V15,low,no,no,no,yes,no,no,normal,no,0,0,0.016753953322825036
V07,low,no,no,no,yes,no,no,normal,no,0,0,0.016753953322825036
V05,outlier,no,yes,no,no,no,no,normal,yes,1,0,0.13347473968376397
V12,low,no,no,no,no,no,no,low,no,0,0,0.011570496738585049
V20,low,no,no,no,no,yes,no,low,no,0,0,0.08600537288108967
V18,outlier,no,no,no,no,no,no,high,no,0,0,0.019127128450983633
V09,low,no,no,no,no,no,no,high,no,0,0,0.0011504356143843227
V01,low,no,yes,no,no,no,no,high,no,0,0,0.00925247635124375
V15,low,no,no,no,no,no,no,normal,no,0,0,0.0011657784957327944
V10,low,no,yes,no,no,no,no,normal,no,0,0,0.020373043188631066
V15,low,no,no,no,no,yes,yes,low,no,0,0,0.1945917285259809
V07,low,no,no,no,no,no,yes,normal,no,0,0,0.011751861446028238
V02,low,no,no,no,no,no,no,low,no,0,0,0.011570496738585049
V19,low,no,no,no,no,yes,no,low,no,0,0,0.08600537288108967
V03,high,no,no,yes,no,yes,no,low,no,0,1,0.6152307281941851
V17,high,no,no,no,no,no,no,high,no,0,0,3.741338800676435e-05
V02,low,no,no,no,yes,no,no,high,no,0,0,6.289466401670483e-05
V13,low,no,no,yes,no,no,yes,normal,no,0,0,0.20034682080924854
V01,low,no,no,no,no,no,no,normal,no,0,0,0.0011657784957327944
V15,low,no,no,no,no,no,no,normal,no,0,0,0.0011657784957327944
V01,low,no,no,no,no,no,no,normal,no,0,0,0.0011657784957327944
V19,high,no,no,no,yes,no,no,high,yes,1,0,0.0004817883985353632
V02,low,no,no,no,no,no,no,normal,no,0,0,0.0011657784957327944
V02,low,no,no,no,no,no,no,high,no,0,0,0.0011504356143843227
V01,low,no,no,no,no,no,no,high,no,0,0,0.0011504356143843227
V12,low,no,no,no,no,no,no,normal,no,0,0,0.0011657784957327944
V02,outlier,no,no,no,no,yes,no,low,no,0,0,0.48149338131345587
V06,low,no,no,no,no,no,no,normal,no,0,0,0.0011657784957327944
V10,low,no,no,yes,no,yes,no,normal,no,0,0,0.023626710230753523
V01,low,no,no,no,no,no,yes,high,no,0,0,0.016806479606595315
V12,low,no,yes,no,no,no,no,high,yes,1,0,0.00925247635124375
V03,low,no,no,no,no,no,no,high,no,0,0,0.0011504356143843227
V10,low,no,no,no,no,no,no,normal,no,0,0,0.0011657784957327944
V04,low,no,no,no,no,yes,no,normal,no,0,0,0.01856838253766821
V16,low,no,yes,no,no,no,no,normal,no,0,0,0.020373043188631066
V16,low,no,no,no,no,no,no,normal,no,0,0,0.0011657784957327944
V14,low,no,no,no,no,no,no,normal,no,0,0,0.0011657784957327944
V04,low,no,no,no,no,no,no,normal,no,0,0,0.0011657784957327944
V09,low,no,yes,no,yes,no,yes,high,no,0,0,0.004302925989672978
V01,low,no,no,no,no,no,no,high,no,0,0,0.0011504356143843227
V17,low,no,yes,no,no,no,no,low,yes,1,0,0.08965856691363142
V03,low,no,no,no,no,no,no,normal,no,0,0,0.0011657784957327944
V17,low,no,no,no,no,no,no,normal,no,0,0,0.0011657784957327944
V07,low,no,no,no,no,no,no,normal,no,0,0,0.0011657784957327944
V07,low,no,no,no,no,yes,no,normal,no,0,0,0.01856838253766821
V14,low,no,no,no,no,no,no,normal,no,0,0,0.0011657784957327944
V02,low,no,no,no,no,no,no,high,no,0,0,0.0011504356143843227
V06,low,no,no,no,no,no,no,normal,no,0,0,0.0011657784957327944
V04,high,no,yes,no,no,no,no,normal,no,0,0,0.015279019618155998
V09,high,no,no,no,no,yes,no,high,no,0,0,0.14329947981174138
V04,low,no,no,no,no,no,no,normal,no,0,0,0.0011657784957327944
V02,low,no,no,no,no,no,no,normal,no,0,0,0.0011657784957327944
V04,high,no,no,no,no,no,no,low,no,0,0,0.08855878828842667
V01,low,no,no,no,no,no,no,normal,no,0,0,0.0011657784957327944
V01,low,no,no,no,no,no,no,normal,no,0,0,0.0011657784957327944
V05,low,no,no,no,no,no,no,normal,no,0,0,0.0011657784957327944
V01,low,no,no,yes,no,no,no,low,no,0,0,0.07913964745638871
V17,low,no,no,no,no,no,no,high,no,0,0,0.0011504356143843227
V09,low,no,no,no,yes,no,no,normal,no,0,0,0.016753953322825036
V14,outlier,no,no,no,no,no,no,high,no,0,0,0.019127128450983633
V01,low,no,no,no,no,no,no,normal,no,0,0,0.0011657784957327944
V06,low,no,yes,yes,no,no,yes,normal,no,0,0,0.3638512448786637
V02,low,yes,yes,no,no,no,no,high,no,0,0,0.0009626492106276474
V11,outlier,no,no,no,no,no,no,normal,no,0,0,0.0364371091508544
V02,low,no,no,no,no,no,no,normal,no,0,0,0.0011657784957327944
V10,low,no,no,no,no,no,no,normal,no,0,0,0.0011657784957327944
V15,low,no,no,no,no,no,no,high,no,0,0,0.0011504356143843227
V08,low,no,no,yes,no,no,no,normal,no,0,0,0.02123730864327424
V04,low,no,yes,yes,no,no,no,normal,no,0,0,0.05412379194945735
V10,low,no,no,no,no,no,no,normal,no,0,0,0.0011657784957327944
V10,low,no,no,no,no,no,no,high,no,0,0,0.0011504356143843227
V05,low,no,no,no,no,no,no,high,no,0,0,0.0011504356143843227
V06,low,no,yes,no,yes,no,no,low,no,0,0,0.4445514054678475
V11,low,no,no,no,no,no,no,normal,no,0,0,0.0011657784957327944
V15,high,no,yes,yes,no,yes,no,low,yes,1,1,0.7137555665512123
V20,low,no,no,no,no,no,no,normal,no,0,0,0.0011657784957327944
V01,low,no,no,yes,yes,yes,yes,normal,yes,1,0,0.004302925989672978
V01,high,no,no,no,no,no,no,normal,no,0,0,0.012847827346594936
V12,low,no,no,no,no,no,no,high,no,0,0,0.0011504356143843227
V09,low,no,no,no,no,no,no,normal,no,0,0,0.0011657784957327944
V15,low,no,no,no,no,no,no,low,no,0,0,0.011570496738585049
V16,low,no,no,no,no,no,no,normal,no,0,0,0.0011657784957327944
V03,high,no,no,no,no,no,no,normal,no,0,0,0.012847827346594936
V04,low,no,no,no,no,no,no,high,no,0,0,0.0011504356143843227
V06,outlier,no,no,no,yes,no,no,high,no,0,0,0.16762839007501443
V20,low,no,no,no,no,no,no,low,no,0,0,0.011570496738585049
V04,low,no,no,no,no,no,no,normal,no,0,0,0.0011657784957327944
V01,low,no,yes,no,no,no,no,normal,no,0,0,0.020373043188631066
V06,low,no,no,no,no,yes,no,low,no,0,0,0.08600537288108967
V09,low,no,no,no,no,no,no,high,no,0,0,0.0011504356143843227
V12,low,no,no,no,no,no,no,high,no,0,0,0.0011504356143843227
V06,low,no,no,no,no,yes,no,low,no,0,0,0.08600537288108967
V01,high,yes,no,no,no,no,no,high,no,0,1,0.9914675767918089
V09,low,no,no,no,no,no,no,high,no,0,0,0.0011504356143843227
V08,low,no,no,no,no,no,no,high,no,0,0,0.0011504356143843227
V01,low,no,yes,yes,yes,yes,yes,normal,yes,1,1,0.6657077100115075
V15,low,no,no,no,no,yes,no,low,no,0,0,0.08600537288108967
V04,low,no,no,no,yes,no,no,normal,no,0,0,0.016753953322825036
V06,low,no,yes,yes,no,no,no,normal,no,0,0,0.05412379194945735
V01,low,no,no,no,no,no,no,high,no,0,0,0.0011504356143843227
V03,low,no,no,no,no,yes,no,low,no,0,0,0.08600537288108967
V02,high,no,no,no,no,no,no,normal,no,0,0,0.012847827346594936
V15,low,no,no,no,no,no,no,normal,no,0,0,0.0011657784957327944
V10,low,no,no,no,no,no,no,normal,no,0,0,0.0011657784957327944
V05,low,no,yes,no,no,no,yes,high,yes,1,0,0.3342922899884926
V04,low,no,no,no,no,no,no,normal,no,0,0,0.0011657784957327944
V18,low,no,no,no,no,no,no,normal,no,0,0,0.0011657784957327944
V12,low,no,no,no,no,no,no,normal,no,0,0,0.0011657784957327944
V01,low,no,no,no,no,no,no,normal,no,0,0,0.0011657784957327944
V15,low,no,no,no,no,no,no,normal,no,0,0,0.0011657784957327944
V17,high,no,no,no,no,no,no,normal,no,0,0,0.012847827346594936
V01,low,no,no,no,no,no,no,normal,no,0,0,0.0011657784957327944
V16,low,no,no,no,no,no,no,normal,no,0,0,0.0011657784957327944
V17,low,no,yes,no,no,no,no,low,no,0,0,0.08965856691363142
V11,low,no,no,no,no,no,no,high,no,0,0,0.0011504356143843227
V07,low,no,no,no,no,yes,no,normal,no,0,0,0.01856838253766821
V03,low,no,no,no,no,yes,no,normal,no,0,0,0.01856838253766821
V02,low,no,no,no,no,no,no,normal,no,0,0,0.0011657784957327944
V13,low,no,no,no,yes,yes,no,high,no,0,0,0.0002478929102627665
V10,low,no,no,no,no,no,no,normal,no,0,0,0.0011657784957327944
V18,low,no,no,no,no,no,no,normal,no,0,0,0.0011657784957327944
V04,low,no,no,no,no,no,no,normal,no,0,0,0.0011657784957327944
V03,low,no,no,no,no,no,no,normal,no,0,0,0.0011657784957327944
V15,low,no,no,no,no,no,no,high,no,0,0,0.0011504356143843227
V07,low,no,no,no,no,no,no,normal,no,0,0,0.0011657784957327944
V01,low,no,no,no,yes,yes,no,normal,no,0,0,0.03035244608101
V03,high,no,no,yes,no,no,no,normal,no,0,0,0.031504175252141844
V14,low,no,no,no,no,no,no,normal,no,0,0,0.0011657784957327944
V14,low,no,no,no,no,no,no,normal,no,0,0,0.0011657784957327944
V01,high,no,no,no,no,no,no,normal,no,0,0,0.012847827346594936
V06,low,no,no,no,no,yes,yes,high,no,0,0,0.00045645426328281907
V05,low,no,no,no,no,yes,no,normal,no,0,0,0.01856838253766821
V17,low,no,no,no,no,yes,no,low,no,0,0,0.08600537288108967
V02,low,no,no,no,no,no,no,normal,no,0,0,0.0011657784957327944
V07,low,no,no,no,no,no,no,normal,no,0,0,0.0011657784957327944
V16,low,no,no,no,no,no,no,normal,no,0,0,0.0011657784957327944
V05,low,no,no,no,no,no,no,high,no,0,0,0.0011504356143843227
V01,low,no,no,yes,no,no,yes,normal,no,0,0,0.20034682080924854
V07,low,no,no,no,no,no,no,normal,no,0,0,0.0011657784957327944
V02,low,no,no,no,no,no,no,normal,no,0,0,0.0011657784957327944
V01,low,no,no,no,no,no,no,normal,no,0,0,0.0011657784957327944
V09,low,no,no,no,no,no,no,low,no,0,0,0.011570496738585049
V06,low,no,yes,no,no,no,no,high,yes,1,0,0.00925247635124375
V17,low,no,no,no,no,no,yes,normal,no,0,0,0.011751861446028238
V02,low,no,no,no,yes,no,no,normal,no,0,0,0.016753953322825036
V06,low,no,no,no,no,no,no,high,no,0,0,0.0011504356143843227
V18,low,yes,no,yes,yes,yes,no,low,yes,1,1,0.9914675767918089
V02,low,no,no,no,no,no,no,normal,no,0,0,0.0011657784957327944
V18,low,no,no,no,no,no,no,high,no,0,0,0.0011504356143843227
V14,low,no,no,no,no,no,no,normal,no,0,0,0.0011657784957327944
V13,outlier,no,yes,no,no,yes,no,low,yes,1,1,0.7688716991197653
V07,low,no,no,no,no,no,no,high,no,0,0,0.0011504356143843227
V04,low,no,no,no,no,no,no,normal,no,0,0,0.0011657784957327944
V15,low,no,no,yes,yes,no,no,normal,yes,1,0,0.00037713078895761044
V01,low,no,no,no,no,no,no,normal,no,0,0,0.0011657784957327944
V02,high,no,no,no,yes,no,no,normal,no,0,0,0.03137712209144655
V04,low,no,no,no,no,no,no,normal,no,0,0,0.0011657784957327944
V06,low,no,no,no,no,no,no,normal,yes,1,0,0.0011657784957327944
V12,outlier,no,no,no,yes,yes,no,high,yes,1,1,0.5
V07,outlier,no,no,yes,no,yes,no,low,yes,1,1,0.8176804286164513
V04,low,no,no,no,no,no,no,normal,no,0,0,0.0011657784957327944
V07,low,no,no,no,no,no,no,normal,no,0,0,0.0011657784957327944
V01,low,no,no,no,no,yes,no,normal,no,0,0,0.01856838253766821
V17,outlier,no,no,no,yes,no,no,high,no,0,0,0.16762839007501443
V08,low,no,no,no,no,no,no,normal,no,0,0,0.0011657784957327944
V03,outlier,no,no,no,no,no,no,normal,no,0,0,0.0364371091508544
V05,low,no,no,no,no,no,no,normal,no,0,0,0.0011657784957327944
V15,low,no,no,no,no,no,no,normal,no,0,0,0.0011657784957327944
V02,high,no,no,no,no,no,no,normal,no,0,0,0.012847827346594936
V07,low,no,no,no,yes,no,no,normal,no,0,0,0.016753953322825036
V13,low,no,no,no,no,no,no,normal,no,0,0,0.0011657784957327944
V08,low,no,no,no,no,no,no,normal,no,0,0,0.0011657784957327944
V05,low,yes,yes,yes,no,no,no,high,yes,1,0,0.16762839007501443
V10,low,no,no,no,no,no,yes,normal,no,0,0,0.011751861446028238
V04,low,no,no,no,no,no,no,low,no,0,0,0.011570496738585049
V14,low,no,no,no,no,no,no,normal,no,0,0,0.0011657784957327944
V05,low,no,yes,no,no,no,no,normal,no,0,0,0.020373043188631066
V06,low,no,no,no,no,no,no,normal,no,0,0,0.0011657784957327944
V15,low,yes,no,no,no,yes,yes,low,yes,1,1,0.9971231300345225
V05,low,no,no,no,yes,yes,no,high,no,0,0,0.0002478929102627665
V02,outlier,no,no,no,no,no,no,high,no,0,0,0.019127128450983633
V01,low,no,no,no,no,no,no,normal,no,0,0,0.0011657784957327944
V11,low,no,no,no,no,no,no,normal,no,0,0,0.0011657784957327944
V18,high,no,no,no,no,no,no,low,no,0,0,0.08855878828842667
V01,high,no,no,no,yes,yes,no,normal,no,0,0,0.20034682080924854
V08,low,no,no,no,no,no,no,low,no,0,0,0.011570496738585049
V05,low,no,no,no,no,no,no,normal,no,0,0,0.0011657784957327944
V08,low,no,no,no,no,no,no,high,no,0,0,0.0011504356143843227
V05,low,no,no,no,no,no,no,low,no,0,0,0.011570496738585049
V07,high,no,no,no,no,no,no,normal,no,0,0,0.012847827346594936
V20,low,no,no,no,no,no,no,normal,no,0,0,0.0011657784957327944
V02,low,no,no,no,no,no,no,normal,no,0,0,0.0011657784957327944
V04,low,no,no,no,no,no,no,normal,no,0,0,0.0011657784957327944
V14,low,no,no,no,no,no,no,normal,no,0,0,0.0011657784957327944
V10,low,no,yes,no,no,no,no,high,no,0,0,0.00925247635124375
V08,low,no,no,no,no,no,no,normal,no,0,0,0.0011657784957327944
V03,outlier,no,no,no,no,no,no,normal,no,0,0,0.0364371091508544
V16,high,no,no,no,no,no,no,normal,no,0,0,0.012847827346594936
V11,low,no,no,no,no,no,no,high,no,0,0,0.0011504356143843227
V06,low,yes,no,yes,yes,yes,yes,high,yes,1,1,0.5
V15,low,no,no,no,no,no,yes,normal,no,0,0,0.011751861446028238
V04,low,no,yes,no,yes,no,no,high,no,0,0,0.0014425851125216388
V02,low,no,no,no,no,no,no,normal,no,0,0,0.0011657784957327944
V07,low,no,no,no,no,no,no,normal,no,0,0,0.0011657784957327944
V06,low,no,no,no,no,no,no,normal,no,0,0,0.0011657784957327944
V01,low,no,no,no,no,no,yes,high,no,0,0,0.016806479606595315
V03,outlier,no,yes,yes,no,no,no,high,yes,1,0,0.002876869965477561
V09,low,no,no,no,no,no,no,normal,no,0,0,0.0011657784957327944
V01,low,no,no,no,no,no,no,normal,no,0,0,0.0011657784957327944
V03,outlier,no,no,no,no,no,no,high,no,0,0,0.019127128450983633
V14,low,no,no,no,no,no,no,normal,no,0,0,0.0011657784957327944
V14,low,no,yes,yes,yes,no,no,normal,no,0,0,0.33365421640354254
V06,low,no,no,no,no,no,no,normal,no,0,0,0.0011657784957327944
V05,low,no,no,no,no,no,no,normal,no,0,0,0.0011657784957327944
